20200522-085523,INFO,____Sample,__DHT_Temp,_DHT_Humid
20200522-085603,INFO,1,21.5,72.9
20200522-085642,INFO,2,21.3,73.9
20200522-085722,INFO,3,21.2,74.1
20200522-085802,INFO,4,21.1,74.8
20200522-085841,INFO,5,21.1,75.1
20200522-085921,INFO,6,21.1,75.7
20200522-090001,INFO,7,21.1,75.1
20200522-090040,INFO,8,21.0,75.7
20200522-090120,INFO,9,21.0,75.8
20200522-090239,INFO,10,21.0,75.7
20200522-090319,INFO,11,21.0,75.6
20200522-090438,INFO,12,21.1,76.8
20200522-090518,INFO,13,21.1,76.8
20200522-090637,INFO,14,21.1,76.0
20200522-090757,INFO,15,21.1,77.0
20200522-090836,INFO,16,21.1,76.9
20200522-090916,INFO,17,21.2,77.0
20200522-090956,INFO,18,21.2,76.9
20200522-091115,INFO,19,21.2,75.9
20200522-091155,INFO,20,21.2,75.7
20200522-091234,INFO,21,21.2,75.7
20200522-091314,INFO,22,21.3,75.9
20200522-091354,INFO,23,21.3,75.9
20200522-091433,INFO,24,21.3,76.0
20200522-091553,INFO,25,21.4,76.2
20200522-091632,INFO,26,21.4,75.7
20200522-091752,INFO,27,21.4,75.2
20200522-091831,INFO,28,21.4,75.3
20200522-091911,INFO,29,21.4,75.3
20200522-091951,INFO,30,21.4,75.3
20200522-092030,INFO,31,21.4,75.4
20200522-092110,INFO,32,21.4,75.8
20200522-092150,INFO,33,21.4,75.8
20200522-092229,INFO,34,21.4,75.5
20200522-092309,INFO,35,21.4,75.7
20200522-092349,INFO,36,21.5,75.6
20200522-092428,INFO,37,21.5,75.3
20200522-092508,INFO,38,21.5,75.2
20200522-092548,INFO,39,21.5,75.0
20200522-092627,INFO,40,21.5,75.0
20200522-092707,INFO,41,21.5,75.2
20200522-092747,INFO,42,21.6,75.1
20200522-092826,INFO,43,21.6,75.4
20200522-092906,INFO,44,21.6,75.4
20200522-092946,INFO,45,21.6,75.5
20200522-093025,INFO,46,21.7,75.2
20200522-093105,INFO,47,21.7,75.2
20200522-093224,INFO,48,21.7,74.4
20200522-093304,INFO,49,21.7,74.5
20200522-093344,INFO,50,21.7,74.6
20200522-093423,INFO,51,21.8,74.7
20200522-093503,INFO,52,21.7,74.7
20200522-093543,INFO,53,21.8,74.9
20200522-093622,INFO,54,21.8,75.1
20200522-093702,INFO,55,21.8,75.3
20200522-093742,INFO,56,21.8,75.0
20200522-093821,INFO,57,21.8,75.1
20200522-093901,INFO,58,21.8,75.0
20200522-093941,INFO,59,21.8,75.0
20200522-094020,INFO,60,21.8,75.7
20200522-094100,INFO,61,21.9,75.9
20200522-094140,INFO,62,21.9,75.5
20200522-094219,INFO,63,21.8,74.5
20200522-094259,INFO,64,21.9,74.3
20200522-094339,INFO,65,21.8,74.0
20200522-094458,INFO,66,21.9,73.7
20200522-094538,INFO,67,21.8,73.2
20200522-094617,INFO,68,21.8,73.1
20200522-094657,INFO,69,21.8,73.5
20200522-094737,INFO,70,21.8,73.7
20200522-094816,INFO,71,21.8,73.2
20200522-094856,INFO,72,21.8,73.2
20200522-094936,INFO,73,21.8,73.7
20200522-095015,INFO,74,21.8,73.6
20200522-095055,INFO,75,21.9,73.6
20200522-095135,INFO,76,21.9,73.8
20200522-095214,INFO,77,21.9,73.3
20200522-095254,INFO,78,21.9,73.3
20200522-095333,INFO,79,21.9,73.9
20200522-095413,INFO,80,21.9,73.1
20200522-095453,INFO,81,21.9,73.2
20200522-101454,INFO,82,22.2,75.2
20200522-101523,INFO,83,22.1,75.7
20200522-101552,INFO,84,22.1,75.8
20200522-101621,INFO,85,22.1,76.1
20200522-101719,INFO,86,22.1,76.1
20200522-101748,INFO,87,22.1,76.6
20200522-101817,INFO,88,22.0,76.5
20200522-101846,INFO,89,22.0,76.1
20200522-101944,INFO,90,22.0,75.8
20200522-102013,INFO,91,22.0,76.2
20200522-102043,INFO,92,22.0,76.4
20200522-102239,INFO,93,22.2,76.6
20200522-102308,INFO,94,22.2,76.6
20200522-102337,INFO,95,22.2,77.0
20200522-102435,INFO,96,22.3,76.8
20200522-102504,INFO,97,22.3,76.6
20200522-102602,INFO,98,22.3,76.4
20200522-102631,INFO,99,22.4,76.6
20200522-102700,INFO,100,22.4,76.6
20200522-102758,INFO,101,22.4,76.4
20200522-102827,INFO,102,22.4,76.1
20200522-102857,INFO,103,22.4,76.0
20200522-102955,INFO,104,22.4,76.2
20200522-103024,INFO,105,22.4,76.0
20200522-103053,INFO,106,22.5,76.1
20200522-103122,INFO,107,22.4,76.3
20200522-103151,INFO,108,22.4,76.3
20200522-103220,INFO,109,22.4,76.3
20200522-103249,INFO,110,22.4,76.1
20200522-103318,INFO,111,22.4,75.9
20200522-103347,INFO,112,22.4,76.2
20200522-103445,INFO,113,22.4,77.0
20200522-103514,INFO,114,22.4,76.6
20200522-103543,INFO,115,22.4,76.5
20200522-103612,INFO,116,22.4,76.6
20200522-103711,INFO,117,22.5,77.1
20200522-103740,INFO,118,22.5,77.2
20200522-103809,INFO,119,22.5,76.6
20200522-103838,INFO,120,22.5,76.6
20200522-103907,INFO,121,22.5,75.9
20200522-103936,INFO,122,22.4,76.0
20200522-104005,INFO,123,22.5,75.8
20200522-104034,INFO,124,22.4,76.0
20200522-104103,INFO,125,22.5,76.2
20200522-104132,INFO,126,22.4,76.4
20200522-104201,INFO,127,22.4,76.7
20200522-104230,INFO,128,22.4,77.0
20200522-104259,INFO,129,22.5,77.3
20200522-104357,INFO,130,22.5,77.1
20200522-104426,INFO,131,22.5,76.9
20200522-104455,INFO,132,22.5,76.8
20200522-104554,INFO,133,22.6,77.3
20200522-104623,INFO,134,22.6,77.5
20200522-104652,INFO,135,22.6,77.2
20200522-104721,INFO,136,22.6,77.2
20200522-104750,INFO,137,22.6,77.1
20200522-104819,INFO,138,22.6,76.9
20200522-104848,INFO,139,22.6,77.0
20200522-104917,INFO,140,22.6,77.4
20200522-104946,INFO,141,22.6,77.5
20200522-105015,INFO,142,22.6,77.8
20200522-105044,INFO,143,22.6,78.2
20200522-105113,INFO,144,22.7,78.5
20200522-105142,INFO,145,22.7,77.7
20200522-105211,INFO,146,22.7,76.7
20200522-105240,INFO,147,22.7,76.6
20200522-105309,INFO,148,22.7,77.0
20200522-105338,INFO,149,22.7,77.2
20200522-105408,INFO,150,22.7,77.5
20200522-105437,INFO,151,22.7,77.4
20200522-105506,INFO,152,22.7,77.1
20200522-105604,INFO,153,22.7,77.4
20200522-105633,INFO,154,22.7,77.5
20200522-105702,INFO,155,22.7,77.7
20200522-105731,INFO,156,22.7,77.9
20200522-105800,INFO,157,22.7,78.2
20200522-105858,INFO,158,22.7,78.2
20200522-105927,INFO,159,22.7,78.3
20200522-105956,INFO,160,22.7,78.4
20200522-110025,INFO,161,22.7,78.6
20200522-110054,INFO,162,22.6,78.9
20200522-110123,INFO,163,22.7,79.3
20200522-110152,INFO,164,22.7,79.3
20200522-110221,INFO,165,22.6,79.5
20200522-110251,INFO,166,22.6,79.5
20200522-110320,INFO,167,22.6,79.3
20200522-110349,INFO,168,22.6,79.4
20200522-110418,INFO,169,22.7,80.1
20200522-110447,INFO,170,22.7,79.7
20200522-110516,INFO,171,22.7,79.5
20200522-110545,INFO,172,22.7,79.4
20200522-110614,INFO,173,22.7,79.4
20200522-110643,INFO,174,22.7,79.7
20200522-110712,INFO,175,22.7,79.7
20200522-110741,INFO,176,22.7,80.1
20200522-110810,INFO,177,22.7,80.2
20200522-110839,INFO,178,22.7,80.6
20200522-110908,INFO,179,22.7,80.8
20200522-110937,INFO,180,22.8,81.2
20200522-111035,INFO,181,22.8,80.1
20200522-111105,INFO,182,22.8,80.1
20200522-111134,INFO,183,22.9,80.4
20200522-111203,INFO,184,22.9,80.2
20200522-111232,INFO,185,22.9,79.1
20200522-111301,INFO,186,22.9,78.5
20200522-111359,INFO,187,22.9,79.8
20200522-111428,INFO,188,22.9,78.9
20200522-111526,INFO,189,22.9,78.1
20200522-111555,INFO,190,22.9,79.0
20200522-111624,INFO,191,22.9,80.0
20200522-111653,INFO,192,22.8,80.0
20200522-111722,INFO,193,22.8,80.6
20200522-111751,INFO,194,22.8,81.0
20200522-111849,INFO,195,22.8,81.2
20200522-111919,INFO,196,22.8,81.4
20200522-111948,INFO,197,22.8,81.4
20200522-112017,INFO,198,22.8,81.8
20200522-112046,INFO,199,22.8,82.1
20200522-112115,INFO,200,22.8,81.9
20200522-112144,INFO,201,22.8,81.4
20200522-112213,INFO,202,22.8,80.8
20200522-112242,INFO,203,22.9,80.4
20200522-112311,INFO,204,22.9,81.1
20200522-112340,INFO,205,22.9,81.5
20200522-112409,INFO,206,23.0,81.3
20200522-112438,INFO,207,23.0,81.5
20200522-112536,INFO,208,23.0,82.1
20200522-112605,INFO,209,23.0,82.2
20200522-112634,INFO,210,23.1,82.5
20200522-112703,INFO,211,23.1,82.0
20200522-112732,INFO,212,23.1,81.2
20200522-112802,INFO,213,23.1,81.5
20200522-112831,INFO,214,23.0,81.3
20200522-112900,INFO,215,23.1,81.7
20200522-112929,INFO,216,23.1,80.7
20200522-112958,INFO,217,23.1,81.0
20200522-113027,INFO,218,23.1,81.6
20200522-113056,INFO,219,23.2,82.0
20200522-113125,INFO,220,23.2,81.8
20200522-113154,INFO,221,23.2,82.3
20200522-113223,INFO,222,23.1,81.3
20200522-113252,INFO,223,23.1,81.5
20200522-113321,INFO,224,23.2,81.6
20200522-113350,INFO,225,23.2,81.4
20200522-113419,INFO,226,23.2,81.5
20200522-113517,INFO,227,23.2,81.9
20200522-113546,INFO,228,23.1,82.0
20200522-113615,INFO,229,23.2,81.8
20200522-113645,INFO,230,23.2,82.8
20200522-113743,INFO,231,23.2,81.4
20200522-113812,INFO,232,23.1,80.7
20200522-113939,INFO,233,23.0,81.2
20200522-114008,INFO,234,23.0,81.4
20200522-114037,INFO,235,23.0,82.1
20200522-114106,INFO,236,23.0,82.4
20200522-114135,INFO,237,23.0,82.5
20200522-114204,INFO,238,23.0,82.4
20200522-114233,INFO,239,23.0,81.8
20200522-114302,INFO,240,23.0,82.2
20200522-114331,INFO,241,23.0,81.8
20200522-114400,INFO,242,23.0,81.9
20200522-114429,INFO,243,23.0,81.3
20200522-114459,INFO,244,23.0,81.8
20200522-114528,INFO,245,23.0,82.1
20200522-114557,INFO,246,23.0,82.3
20200522-114626,INFO,247,23.0,82.3
20200522-114655,INFO,248,23.0,82.4
20200522-114724,INFO,249,23.0,82.7
20200522-114753,INFO,250,23.0,82.9
20200522-114822,INFO,251,23.0,82.5
20200522-114920,INFO,252,22.9,82.1
20200522-114949,INFO,253,22.9,82.9
20200522-115018,INFO,254,23.0,82.7
20200522-115047,INFO,255,23.0,82.6
20200522-115116,INFO,256,23.0,82.6
20200522-115145,INFO,257,23.0,82.1
20200522-115214,INFO,258,23.0,82.0
20200522-115243,INFO,259,23.0,81.8
20200522-115312,INFO,260,23.0,81.9
20200522-115342,INFO,261,23.0,81.9
20200522-115440,INFO,262,23.0,82.9
20200522-115509,INFO,263,23.1,82.9
20200522-115538,INFO,264,23.1,83.2
20200522-115607,INFO,265,23.1,82.3
20200522-115636,INFO,266,23.1,82.0
20200522-115705,INFO,267,23.2,82.4
20200522-115734,INFO,268,23.2,82.2
20200522-115803,INFO,269,23.3,82.0
20200522-115832,INFO,270,23.3,82.3
20200522-115901,INFO,271,23.3,82.7
20200522-115930,INFO,272,23.4,82.0
20200522-115959,INFO,273,23.4,82.0
20200522-120028,INFO,274,23.4,82.4
20200522-120126,INFO,275,23.5,83.2
20200522-120156,INFO,276,23.5,82.7
20200522-120225,INFO,277,23.5,82.7
20200522-120254,INFO,278,23.5,83.1
20200522-120323,INFO,279,23.6,82.7
20200522-120352,INFO,280,23.5,81.7
20200522-120421,INFO,281,23.5,80.0
20200522-120450,INFO,282,23.5,80.6
20200522-120519,INFO,283,23.4,80.3
20200522-120548,INFO,284,23.4,80.7
20200522-120646,INFO,285,23.4,79.9
20200522-120715,INFO,286,23.4,80.1
20200522-120744,INFO,287,23.4,80.2
20200522-120911,INFO,288,23.5,82.2
20200522-120940,INFO,289,23.5,82.1
20200522-121039,INFO,290,23.6,81.0
20200522-121108,INFO,291,23.6,80.7
20200522-121137,INFO,292,23.6,79.1
20200522-121206,INFO,293,23.6,79.3
20200522-121235,INFO,294,23.6,79.0
20200522-121304,INFO,295,23.6,79.6
20200522-121333,INFO,296,23.7,79.4
20200522-121402,INFO,297,23.7,79.2
20200522-121431,INFO,298,23.6,77.6
20200522-121500,INFO,299,23.7,78.0
20200522-121529,INFO,300,23.7,79.9
20200522-121558,INFO,301,23.7,78.7
20200522-121627,INFO,302,23.7,79.0
20200522-121656,INFO,303,23.7,79.4
20200522-121725,INFO,304,23.6,79.3
20200522-121754,INFO,305,23.6,79.7
20200522-121823,INFO,306,23.6,79.3
20200522-121853,INFO,307,23.6,80.2
20200522-121922,INFO,308,23.6,80.3
20200522-121951,INFO,309,23.6,79.4
20200522-122020,INFO,310,23.6,78.2
20200522-122049,INFO,311,23.6,78.3
20200522-122118,INFO,312,23.6,77.0
20200522-122147,INFO,313,23.6,77.0
20200522-122216,INFO,314,23.6,77.8
20200522-122245,INFO,315,23.5,77.9
20200522-122314,INFO,316,23.6,77.9
20200522-122343,INFO,317,23.6,77.6
20200522-122412,INFO,318,23.5,77.2
20200522-122441,INFO,319,23.5,78.4
20200522-122510,INFO,320,23.6,78.5
20200522-122608,INFO,321,23.6,77.3
20200522-122637,INFO,322,23.6,77.8
20200522-122706,INFO,323,23.6,78.5
20200522-122736,INFO,324,23.6,78.3
20200522-122805,INFO,325,23.6,77.3
20200522-122834,INFO,326,23.6,78.5
20200522-122903,INFO,327,23.6,77.3
20200522-122932,INFO,328,23.6,77.8
20200522-123030,INFO,329,23.6,77.6
20200522-123059,INFO,330,23.6,77.5
20200522-123128,INFO,331,23.6,77.6
20200522-123157,INFO,332,23.6,77.7
20200522-123226,INFO,333,23.6,78.3
20200522-123255,INFO,334,23.6,78.3
20200522-123324,INFO,335,23.6,78.5
20200522-123353,INFO,336,23.6,77.9
20200522-123422,INFO,337,23.5,77.9
20200522-123451,INFO,338,23.5,80.1
20200522-123520,INFO,339,23.6,80.5
20200522-123550,INFO,340,23.6,80.9
20200522-123619,INFO,341,23.6,80.0
20200522-123648,INFO,342,23.6,79.1
20200522-123717,INFO,343,23.6,80.0
20200522-123746,INFO,344,23.6,81.1
20200522-123815,INFO,345,23.6,80.9
20200522-123844,INFO,346,23.6,80.5
20200522-123913,INFO,347,23.6,80.8
20200522-123942,INFO,348,23.6,80.0
20200522-124011,INFO,349,23.7,79.2
20200522-124109,INFO,350,23.6,78.0
20200522-124138,INFO,351,23.5,77.7
20200522-124207,INFO,352,23.5,77.3
20200522-124305,INFO,353,23.5,78.8
20200522-124334,INFO,354,23.5,80.8
20200522-124403,INFO,355,23.4,79.8
20200522-124433,INFO,356,23.4,80.8
20200522-124502,INFO,357,23.5,80.4
20200522-124531,INFO,358,23.5,79.9
20200522-124600,INFO,359,23.5,79.1
20200522-124629,INFO,360,23.5,80.5
20200522-124658,INFO,361,23.5,81.0
20200522-124727,INFO,362,23.5,81.3
20200522-124756,INFO,363,23.5,81.5
20200522-124825,INFO,364,23.6,79.1
20200522-124854,INFO,365,23.7,79.3
20200522-124923,INFO,366,23.7,80.5
20200522-124952,INFO,367,23.7,80.0
20200522-125021,INFO,368,23.8,80.2
20200522-125050,INFO,369,23.7,76.8
20200522-125119,INFO,370,23.7,77.0
20200522-125217,INFO,371,23.8,77.9
20200522-125246,INFO,372,23.8,77.6
20200522-125316,INFO,373,23.9,78.4
20200522-125414,INFO,374,23.8,77.8
20200522-125443,INFO,375,23.8,78.6
20200522-125512,INFO,376,23.9,77.7
20200522-125541,INFO,377,23.9,76.4
20200522-125610,INFO,378,23.9,78.0
20200522-125708,INFO,379,23.9,78.8
20200522-125737,INFO,380,23.9,79.5
20200522-125806,INFO,381,24.0,78.9
20200522-125835,INFO,382,24.0,76.7
20200522-125904,INFO,383,24.0,72.5
20200522-125933,INFO,384,23.9,74.3
20200522-130002,INFO,385,23.9,76.4
20200522-130031,INFO,386,23.9,76.4
20200522-130100,INFO,387,23.9,76.4
20200522-130130,INFO,388,23.8,77.0
20200522-130159,INFO,389,23.8,75.9
20200522-130228,INFO,390,23.8,76.8
20200522-130257,INFO,391,23.8,76.4
20200522-130326,INFO,392,23.8,76.4
20200522-130424,INFO,393,23.8,77.4
20200522-130551,INFO,394,23.8,76.9
20200522-130620,INFO,395,23.8,78.0
20200522-130718,INFO,396,23.8,77.5
20200522-130747,INFO,397,23.9,77.2
20200522-130816,INFO,398,23.9,76.9
20200522-130845,INFO,399,23.9,76.4
20200522-130914,INFO,400,24.0,77.4
20200522-130944,INFO,401,24.0,77.7
20200522-131013,INFO,402,24.1,77.4
20200522-131042,INFO,403,24.1,77.6
20200522-131111,INFO,404,24.2,76.6
20200522-131140,INFO,405,24.2,75.0
20200522-131209,INFO,406,24.2,74.1
20200522-131238,INFO,407,24.2,72.8
20200522-131307,INFO,408,24.1,73.5
20200522-131336,INFO,409,24.1,76.0
20200522-131434,INFO,410,24.1,76.9
20200522-131503,INFO,411,24.1,77.1
20200522-131532,INFO,412,24.1,75.5
20200522-131601,INFO,413,24.2,74.3
20200522-131630,INFO,414,24.2,72.8
20200522-131659,INFO,415,24.2,71.8
20200522-131728,INFO,416,24.1,73.6
20200522-131757,INFO,417,24.2,74.5
20200522-131827,INFO,418,24.2,76.6
20200522-131856,INFO,419,24.3,76.1
20200522-131925,INFO,420,24.3,76.0
20200522-131954,INFO,421,24.3,74.0
20200522-132023,INFO,422,24.3,73.7
20200522-132052,INFO,423,24.4,73.8
20200522-132121,INFO,424,24.3,71.9
20200522-132150,INFO,425,24.4,73.3
20200522-132219,INFO,426,24.4,73.6
20200522-132248,INFO,427,24.4,74.5
20200522-132317,INFO,428,24.4,72.3
20200522-132346,INFO,429,24.3,73.1
20200522-132415,INFO,430,24.4,73.1
20200522-132513,INFO,431,24.3,71.0
20200522-132542,INFO,432,24.3,71.0
20200522-132611,INFO,433,24.2,71.4
20200522-132710,INFO,434,24.3,72.1
20200522-132739,INFO,435,24.3,71.6
20200522-132837,INFO,436,24.4,71.8
20200522-132906,INFO,437,24.3,71.4
20200522-132935,INFO,438,24.3,69.9
20200522-133004,INFO,439,24.4,71.1
20200522-133033,INFO,440,24.4,71.5
20200522-133102,INFO,441,24.5,73.7
20200522-133131,INFO,442,24.5,70.4
20200522-133229,INFO,443,24.6,70.5
20200522-133258,INFO,444,24.6,69.0
20200522-133356,INFO,445,24.6,68.7
20200522-133425,INFO,446,24.6,69.1
20200522-133454,INFO,447,24.6,69.8
20200522-133553,INFO,448,24.6,71.8
20200522-133622,INFO,449,24.6,74.5
20200522-133651,INFO,450,24.6,72.0
20200522-133720,INFO,451,24.6,69.0
20200522-133749,INFO,452,24.6,67.1
20200522-133818,INFO,453,24.6,66.6
20200522-133847,INFO,454,24.6,66.5
20200522-133916,INFO,455,24.6,67.1
20200522-133945,INFO,456,24.6,68.5
20200522-134014,INFO,457,24.6,69.7
20200522-134043,INFO,458,24.6,70.0
20200522-134112,INFO,459,24.6,69.3
20200522-134141,INFO,460,24.6,70.2
20200522-134210,INFO,461,24.6,69.3
20200522-134239,INFO,462,24.6,70.2
20200522-134308,INFO,463,24.6,69.5
20200522-134338,INFO,464,24.7,67.9
20200522-134407,INFO,465,24.7,68.1
20200522-134436,INFO,466,24.7,68.4
20200522-134505,INFO,467,24.8,68.1
20200522-134534,INFO,468,24.8,69.2
20200522-134603,INFO,469,24.8,68.7
20200522-134632,INFO,470,24.8,68.1
20200522-134701,INFO,471,24.8,64.0
20200522-134828,INFO,472,24.9,63.1
20200522-134857,INFO,473,24.9,63.2
20200522-134926,INFO,474,24.9,63.5
20200522-134955,INFO,475,25.0,66.4
20200522-135024,INFO,476,25.0,66.2
20200522-135053,INFO,477,25.0,66.6
20200522-135122,INFO,478,25.0,66.9
20200522-135152,INFO,479,25.1,66.7
20200522-135250,INFO,480,25.1,65.7
20200522-135319,INFO,481,25.1,65.1
20200522-135348,INFO,482,25.1,66.2
20200522-135417,INFO,483,25.1,65.3
20200522-135446,INFO,484,25.1,65.1
20200522-135515,INFO,485,25.1,66.0
20200522-135544,INFO,486,25.2,65.0
20200522-135613,INFO,487,25.2,64.1
20200522-135642,INFO,488,25.1,64.8
20200522-135711,INFO,489,25.2,65.8
20200522-135740,INFO,490,25.2,65.5
20200522-135809,INFO,491,25.2,65.6
20200522-135838,INFO,492,25.2,65.8
20200522-135907,INFO,493,25.2,66.0
20200522-135936,INFO,494,25.2,67.0
20200522-140005,INFO,495,25.2,66.7
20200522-140035,INFO,496,25.3,66.8
20200522-140104,INFO,497,25.3,66.0
20200522-140133,INFO,498,25.3,66.7
20200522-140202,INFO,499,25.3,66.0
20200522-140231,INFO,500,25.2,65.0
20200522-140300,INFO,501,25.2,64.9
20200522-140329,INFO,502,25.2,64.7
20200522-140358,INFO,503,25.2,64.4
20200522-140427,INFO,504,25.1,66.4
20200522-140456,INFO,505,25.2,67.8
20200522-140525,INFO,506,25.1,68.2
20200522-140554,INFO,507,25.1,68.2
20200522-140623,INFO,508,25.1,66.8
20200522-140652,INFO,509,25.1,67.6
20200522-140721,INFO,510,25.1,67.6
20200522-140750,INFO,511,25.0,68.3
20200522-140819,INFO,512,25.1,68.9
20200522-140918,INFO,513,25.0,70.2
20200522-141016,INFO,514,25.0,72.9
20200522-141045,INFO,515,25.0,72.2
20200522-141114,INFO,516,25.1,71.5
20200522-141143,INFO,517,25.1,71.7
20200522-141212,INFO,518,25.1,70.9
20200522-141241,INFO,519,25.1,71.9
20200522-141310,INFO,520,25.2,73.0
20200522-141339,INFO,521,25.3,71.1
20200522-141408,INFO,522,25.3,71.9
20200522-141437,INFO,523,25.3,72.6
20200522-141506,INFO,524,25.3,72.2
20200522-141535,INFO,525,25.3,72.2
20200522-141604,INFO,526,25.3,73.2
20200522-141702,INFO,527,25.4,73.5
20200522-141732,INFO,528,25.4,73.2
20200522-141801,INFO,529,25.5,73.9
20200522-141830,INFO,530,25.5,73.8
20200522-141859,INFO,531,25.5,72.8
20200522-141928,INFO,532,25.5,73.1
20200522-141957,INFO,533,25.5,73.2
20200522-142026,INFO,534,25.5,72.3
20200522-142055,INFO,535,25.5,73.2
20200522-142153,INFO,536,25.5,73.5
20200522-142222,INFO,537,25.5,73.4
20200522-142251,INFO,538,25.4,74.5
20200522-142320,INFO,539,25.5,73.9
20200522-142349,INFO,540,25.5,73.6
20200522-142418,INFO,541,25.5,73.4
20200522-142447,INFO,542,25.5,73.7
20200522-142516,INFO,543,25.5,73.7
20200522-142546,INFO,544,25.5,74.2
20200522-142615,INFO,545,25.5,74.5
20200522-142644,INFO,546,25.5,74.9
20200522-142713,INFO,547,25.5,74.8
20200522-142742,INFO,548,25.5,74.5
20200522-142811,INFO,549,25.5,74.6
20200522-142840,INFO,550,25.5,74.4
20200522-142909,INFO,551,25.5,74.1
20200522-142938,INFO,552,25.5,74.0
20200522-143007,INFO,553,25.5,72.8
20200522-143105,INFO,554,25.5,75.1
20200522-143203,INFO,555,25.5,75.3
20200522-143232,INFO,556,25.5,75.0
20200522-143301,INFO,557,25.5,74.8
20200522-143330,INFO,558,25.4,75.3
20200522-143359,INFO,559,25.3,76.1
20200522-143429,INFO,560,25.3,76.2
20200522-143458,INFO,561,25.3,75.7
20200522-143527,INFO,562,25.2,75.1
20200522-143556,INFO,563,25.2,75.8
20200522-143625,INFO,564,25.2,76.6
20200522-143723,INFO,565,25.2,73.7
20200522-143752,INFO,566,25.2,74.7
20200522-143821,INFO,567,25.2,76.2
20200522-143948,INFO,568,25.1,76.9
20200522-144017,INFO,569,25.2,77.2
20200522-144046,INFO,570,25.2,77.3
20200522-144115,INFO,571,25.2,77.0
20200522-144213,INFO,572,25.3,75.1
20200522-144243,INFO,573,25.3,76.6
20200522-144312,INFO,574,25.3,77.0
20200522-144341,INFO,575,25.2,78.3
20200522-144439,INFO,576,25.2,79.1
20200522-144508,INFO,577,25.1,78.8
20200522-144537,INFO,578,25.2,79.8
20200522-144606,INFO,579,25.2,80.1
20200522-144635,INFO,580,25.2,80.1
20200522-144704,INFO,581,25.2,78.3
20200522-144733,INFO,582,25.3,80.2
20200522-144802,INFO,583,25.3,76.8
20200522-144831,INFO,584,25.3,78.6
20200522-144900,INFO,585,25.3,79.4
20200522-144929,INFO,586,25.3,79.0
20200522-144958,INFO,587,25.3,78.4
20200522-145027,INFO,588,25.3,79.0
20200522-145057,INFO,589,25.3,79.2
20200522-145126,INFO,590,25.3,79.5
20200522-145155,INFO,591,25.3,78.9
20200522-145224,INFO,592,25.2,78.4
20200522-145253,INFO,593,25.2,78.8
20200522-145322,INFO,594,25.2,79.5
20200522-145351,INFO,595,25.3,77.4
20200522-145420,INFO,596,25.3,78.4
20200522-145449,INFO,597,25.3,76.6
20200522-145518,INFO,598,25.3,75.5
20200522-145547,INFO,599,25.2,75.3
20200522-145616,INFO,600,25.2,75.6
20200522-145645,INFO,601,25.2,75.7
20200522-145714,INFO,602,25.3,74.6
20200522-145743,INFO,603,25.2,75.0
20200522-145812,INFO,604,25.2,74.7
20200522-145841,INFO,605,25.2,75.4
20200522-145940,INFO,606,25.1,74.9
20200522-150009,INFO,607,25.0,75.2
20200522-150136,INFO,608,25.0,75.8
20200522-150205,INFO,609,25.0,75.8
20200522-150234,INFO,610,25.0,74.6
20200522-150303,INFO,611,25.0,76.8
20200522-150401,INFO,612,25.0,75.6
20200522-150430,INFO,613,25.0,76.2
20200522-150459,INFO,614,25.0,76.1
20200522-150528,INFO,615,25.0,76.0
20200522-150557,INFO,616,25.0,76.6
20200522-150626,INFO,617,25.1,76.6
20200522-150655,INFO,618,25.1,74.0
20200522-150724,INFO,619,25.1,74.8
20200522-150754,INFO,620,25.2,75.9
20200522-150823,INFO,621,25.2,75.8
20200522-150921,INFO,622,25.3,74.6
20200522-150950,INFO,623,25.2,75.0
20200522-151019,INFO,624,25.2,75.5
20200522-151048,INFO,625,25.3,75.7
20200522-151117,INFO,626,25.3,76.1
20200522-151146,INFO,627,25.3,74.5
20200522-151215,INFO,628,25.3,75.5
20200522-151244,INFO,629,25.3,75.1
20200522-151313,INFO,630,25.3,75.0
20200522-151342,INFO,631,25.3,74.6
20200522-151411,INFO,632,25.3,74.9
20200522-151509,INFO,633,25.3,75.3
20200522-151538,INFO,634,25.3,73.7
20200522-151607,INFO,635,25.3,75.1
20200522-151637,INFO,636,25.3,75.7
20200522-151706,INFO,637,25.4,75.0
20200522-151735,INFO,638,25.4,73.3
20200522-151804,INFO,639,25.4,72.2
20200522-151833,INFO,640,25.4,73.0
20200522-151902,INFO,641,25.5,70.9
20200522-151931,INFO,642,25.5,71.4
20200522-152000,INFO,643,25.5,71.0
20200522-152029,INFO,644,25.5,71.6
20200522-152058,INFO,645,25.5,72.8
20200522-152127,INFO,646,25.5,72.6
20200522-152156,INFO,647,25.5,72.8
20200522-152225,INFO,648,25.6,71.7
20200522-152254,INFO,649,25.6,70.6
20200522-152323,INFO,650,25.6,70.2
20200522-152421,INFO,651,25.6,70.6
20200522-152451,INFO,652,25.7,68.7
20200522-152520,INFO,653,25.7,68.4
20200522-152549,INFO,654,25.6,69.2
20200522-152618,INFO,655,25.6,69.4
20200522-152647,INFO,656,25.7,70.0
20200522-152716,INFO,657,25.7,69.6
20200522-152745,INFO,658,25.7,69.9
20200522-152814,INFO,659,25.7,69.8
20200522-152912,INFO,660,25.8,69.4
20200522-152941,INFO,661,25.8,69.1
20200522-153010,INFO,662,25.8,68.7
20200522-153039,INFO,663,25.8,68.8
20200522-153108,INFO,664,25.9,64.7
20200522-153137,INFO,665,25.9,65.6
20200522-153206,INFO,666,25.9,67.9
20200522-153235,INFO,667,25.9,69.3
20200522-153304,INFO,668,25.9,69.7
20200522-153334,INFO,669,25.9,69.7
20200522-153403,INFO,670,26.0,69.4
20200522-153432,INFO,671,26.0,69.2
20200522-153501,INFO,672,25.9,69.0
20200522-153530,INFO,673,25.9,66.8
20200522-153559,INFO,674,25.9,66.2
20200522-153628,INFO,675,25.9,67.6
20200522-153726,INFO,676,26.0,68.4
20200522-153755,INFO,677,26.0,66.6
20200522-153824,INFO,678,26.0,67.3
20200522-153853,INFO,679,25.9,67.5
20200522-153922,INFO,680,26.0,67.8
20200522-153951,INFO,681,26.0,68.1
20200522-154118,INFO,682,25.9,69.5
20200522-154148,INFO,683,25.9,67.4
20200522-154246,INFO,684,25.9,67.5
20200522-154315,INFO,685,26.0,68.5
20200522-154344,INFO,686,26.1,67.7
20200522-154442,INFO,687,26.1,67.9
20200522-154511,INFO,688,26.1,67.7
20200522-154540,INFO,689,26.1,67.3
20200522-154707,INFO,690,26.2,65.3
20200522-154736,INFO,691,26.3,64.1
20200522-154805,INFO,692,26.3,62.7
20200522-154834,INFO,693,26.3,63.5
20200522-154903,INFO,694,26.3,65.1
20200522-154932,INFO,695,26.3,65.7
20200522-155001,INFO,696,26.3,66.1
20200522-155031,INFO,697,26.5,66.2
20200522-155100,INFO,698,26.4,66.0
20200522-155129,INFO,699,26.5,65.3
20200522-155158,INFO,700,26.4,65.4
20200522-155227,INFO,701,26.4,65.9
20200522-155256,INFO,702,26.4,63.4
20200522-155325,INFO,703,26.4,64.0
20200522-155354,INFO,704,26.5,64.2
20200522-155423,INFO,705,26.5,64.5
20200522-155452,INFO,706,26.5,64.7
20200522-155521,INFO,707,26.6,64.6
20200522-155550,INFO,708,26.6,64.9
20200522-155619,INFO,709,26.6,65.0
20200522-155648,INFO,710,26.6,65.2
20200522-155717,INFO,711,26.6,65.5
20200522-155746,INFO,712,26.6,64.7
20200522-155815,INFO,713,26.6,65.1
20200522-155845,INFO,714,26.6,65.0
20200522-155914,INFO,715,26.6,64.6
20200522-155943,INFO,716,26.6,65.0
20200522-160012,INFO,717,26.6,65.2
20200522-160041,INFO,718,26.7,65.4
20200522-160139,INFO,719,26.6,66.3
20200522-160208,INFO,720,26.7,66.3
20200522-160237,INFO,721,26.7,66.1
20200522-160306,INFO,722,26.8,65.5
20200522-160335,INFO,723,26.7,65.5
20200522-160404,INFO,724,26.7,66.0
20200522-160433,INFO,725,26.7,66.1
20200522-160502,INFO,726,26.7,65.4

