20200526-085517,INFO,____Sample,__CPU_Temp,_senseTemp,_sensHumid,_sensePres,__DHT_Temp,_DHT_Humid, _temp_diff, __hum_diff, temp_factor, hum_factor
20200526-085518,INFO,ERROR,Sensor failure. Check wiring.
20200526-085558,INFO,1,38.63,25.77,69.69,1027.37,23.2,72.2,2.57,-2.51,5.0,12.37
20200526-085638,INFO,2,39.17,26.22,69.17,1027.42,23.3,69.7,2.92,-0.53,4.43,56.6
20200526-085717,INFO,3,39.7,26.44,68.47,1027.39,23.3,72.0,3.14,-3.53,4.22,8.15
20200526-085757,INFO,4,39.7,26.84,67.51,1027.54,23.4,72.4,3.44,-4.89,3.74,5.69
20200526-085837,INFO,5,40.78,27.11,65.92,1027.55,23.5,70.4,3.61,-4.48,3.79,5.61
20200526-085916,INFO,6,40.78,27.4,65.45,1027.58,23.5,70.4,3.9,-4.95,3.43,4.98
20200526-085956,INFO,7,40.78,27.64,64.05,1027.56,23.6,70.6,4.04,-6.55,3.25,3.55
20200526-090036,INFO,8,40.78,27.33,62.84,1027.55,23.6,69.5,3.73,-6.66,3.61,3.31
20200526-090115,INFO,9,41.32,27.65,63.07,1027.56,23.5,68.0,4.15,-4.93,3.29,4.41
20200526-090155,INFO,10,41.32,27.35,62.36,1027.55,23.6,68.2,3.75,-5.84,3.73,3.6
20200526-090235,INFO,11,40.78,27.4,62.38,1027.5,23.5,68.1,3.9,-5.72,3.43,3.78
20200526-090314,INFO,12,40.78,27.55,61.83,1027.5,23.4,67.0,4.15,-5.17,3.19,4.07
20200526-090354,INFO,13,40.78,27.18,61.78,1027.51,23.2,68.5,3.98,-6.72,3.42,3.13
20200526-090434,INFO,14,40.78,27.04,62.29,1027.52,23.2,68.3,3.84,-6.01,3.58,3.58
20200526-090513,INFO,15,40.78,27.18,62.32,1027.53,23.2,68.0,3.98,-5.68,3.42,3.79
20200526-090553,INFO,16,40.78,27.2,62.01,1027.53,23.1,69.2,4.1,-7.19,3.31,2.95
20200526-090633,INFO,ERROR,Sensor failure. Check wiring.
20200526-090712,INFO,17,41.32,27.44,61.94,1027.53,23.2,69.0,4.24,-7.06,3.27,2.92
20200526-090752,INFO,18,40.78,27.69,61.19,1027.57,23.1,68.5,4.59,-7.31,2.85,2.79
20200526-090832,INFO,19,40.78,27.71,61.07,1027.47,23.2,69.1,4.51,-8.03,2.9,2.53
20200526-090911,INFO,ERROR,Sensor failure. Check wiring.
20200526-090951,INFO,ERROR,Sensor failure. Check wiring.
20200526-091031,INFO,20,41.32,27.71,60.54,1027.47,23.2,68.9,4.51,-8.36,3.02,2.3
20200526-091110,INFO,ERROR,Sensor failure. Check wiring.
20200526-091150,INFO,21,41.32,27.71,60.21,1027.52,23.2,68.2,4.51,-7.99,3.02,2.36
20200526-091230,INFO,22,41.32,27.87,58.33,1027.56,23.2,67.1,4.67,-8.77,2.88,1.94
20200526-091309,INFO,ERROR,Sensor failure. Check wiring.
20200526-091349,INFO,23,41.32,27.69,58.74,1027.54,23.2,67.2,4.49,-8.46,3.04,2.06
20200526-091429,INFO,24,41.86,27.78,58.98,1027.55,23.2,66.8,4.58,-7.82,3.07,2.19
20200526-091508,INFO,25,41.86,27.82,59.18,1027.53,23.1,67.3,4.72,-8.12,2.97,2.13
20200526-091548,INFO,26,41.86,28.22,58.73,1027.55,23.2,67.6,5.02,-8.87,2.72,1.9
20200526-091628,INFO,27,42.39,28.29,57.7,1027.58,23.2,67.6,5.09,-9.9,2.77,1.55
20200526-091707,INFO,28,42.39,28.24,58.06,1027.59,23.3,67.2,4.94,-9.14,2.86,1.71
20200526-091747,INFO,ERROR,Sensor failure. Check wiring.
20200526-091826,INFO,29,41.86,28.31,57.51,1027.58,23.2,66.7,5.11,-9.19,2.65,1.7
20200526-091906,INFO,30,41.86,28.53,57.56,1027.62,23.3,67.0,5.23,-9.44,2.55,1.66
20200526-091946,INFO,31,42.39,28.47,57.55,1027.61,23.3,66.7,5.17,-9.15,2.69,1.66
20200526-092025,INFO,32,41.86,28.4,57.52,1027.63,23.4,66.8,5.0,-9.28,2.69,1.69
20200526-092105,INFO,33,41.86,28.47,57.55,1027.6,23.3,66.3,5.17,-8.75,2.59,1.79
20200526-092145,INFO,ERROR,Sensor failure. Check wiring.
20200526-092224,INFO,34,41.86,28.38,57.46,1027.59,23.4,66.5,4.98,-9.04,2.71,1.73
20200526-092304,INFO,ERROR,Sensor failure. Check wiring.
20200526-092344,INFO,35,42.39,28.51,57.39,1027.67,23.3,66.9,5.21,-9.51,2.66,1.58
20200526-092423,INFO,ERROR,Sensor failure. Check wiring.
20200526-092503,INFO,ERROR,Sensor failure. Check wiring.
20200526-092543,INFO,36,43.47,28.78,56.48,1027.54,23.4,66.8,5.38,-10.32,2.73,1.26
20200526-092622,INFO,37,42.93,28.76,55.75,1027.59,23.4,66.8,5.36,-11.05,2.64,1.16
20200526-092702,INFO,38,42.93,28.91,56.71,1027.5,23.4,65.7,5.51,-8.99,2.54,1.53
20200526-092742,INFO,39,42.93,28.93,55.98,1027.53,23.4,66.2,5.53,-10.22,2.53,1.28
20200526-092821,INFO,40,42.39,28.69,56.24,1027.6,23.4,66.4,5.29,-10.16,2.59,1.36
20200526-092901,INFO,ERROR,Sensor failure. Check wiring.
20200526-092941,INFO,41,42.93,28.63,56.68,1027.6,23.4,66.1,5.23,-9.42,2.73,1.46
20200526-093020,INFO,42,42.39,28.69,56.29,1027.6,23.4,65.7,5.29,-9.41,2.59,1.48
20200526-093100,INFO,43,42.39,28.58,56.51,1027.63,23.4,65.6,5.18,-9.09,2.67,1.55
20200526-093140,INFO,44,42.39,28.62,56.63,1027.61,23.5,66.1,5.12,-9.47,2.69,1.5
20200526-093219,INFO,45,42.93,28.62,56.89,1027.62,23.5,66.1,5.12,-9.21,2.79,1.52
20200526-093259,INFO,46,42.93,28.71,56.41,1027.6,23.5,66.0,5.21,-9.59,2.73,1.41
20200526-093339,INFO,47,42.93,28.85,54.08,1027.53,23.6,65.4,5.25,-11.32,2.68,0.98
20200526-093418,INFO,48,42.93,28.62,56.32,1027.66,23.6,65.4,5.02,-9.08,2.85,1.47
20200526-093458,INFO,49,42.39,28.8,56.2,1027.65,23.6,65.0,5.2,-8.8,2.61,1.57
20200526-093538,INFO,50,42.93,28.89,55.87,1027.55,23.6,65.6,5.29,-9.73,2.65,1.33
20200526-093617,INFO,51,42.93,28.82,55.6,1027.58,23.6,65.6,5.22,-10.0,2.7,1.27
20200526-093657,INFO,52,42.93,28.93,55.66,1027.59,23.6,65.3,5.33,-9.64,2.63,1.32
20200526-093737,INFO,ERROR,Sensor failure. Check wiring.
20200526-093816,INFO,53,42.93,29.0,55.72,1027.58,23.7,65.7,5.3,-9.98,2.63,1.28
20200526-093856,INFO,54,41.86,29.0,54.98,1027.54,23.7,64.8,5.3,-9.82,2.43,1.34
20200526-093936,INFO,ERROR,Sensor failure. Check wiring.
20200526-094015,INFO,55,42.93,29.11,55.04,1027.55,23.8,65.0,5.31,-9.96,2.6,1.22
20200526-094055,INFO,56,43.47,29.0,55.29,1027.56,23.8,64.4,5.2,-9.11,2.78,1.3
20200526-094135,INFO,57,42.93,28.85,55.1,1027.58,23.8,63.9,5.05,-8.8,2.79,1.38
20200526-094214,INFO,58,42.93,29.18,54.96,1027.53,23.8,63.6,5.38,-8.64,2.56,1.39
20200526-094254,INFO,59,43.47,29.42,54.95,1027.55,23.8,64.3,5.62,-9.35,2.5,1.23
20200526-094334,INFO,60,43.47,29.4,54.63,1027.53,23.8,64.4,5.6,-9.77,2.51,1.14
20200526-094413,INFO,61,42.93,29.27,54.6,1027.57,23.9,63.9,5.37,-9.3,2.54,1.25
20200526-094453,INFO,62,42.93,29.54,54.92,1027.54,23.8,64.0,5.74,-9.08,2.33,1.32
20200526-094533,INFO,63,42.93,29.31,55.14,1027.58,23.9,64.3,5.41,-9.16,2.52,1.33
20200526-094612,INFO,64,43.47,29.23,54.44,1027.52,23.9,64.3,5.33,-9.86,2.67,1.11
20200526-094652,INFO,65,42.93,29.38,54.48,1027.5,23.9,63.8,5.48,-9.32,2.47,1.24
20200526-094732,INFO,66,42.93,29.38,54.36,1027.56,24.0,63.4,5.38,-9.04,2.52,1.26
20200526-094811,INFO,67,43.47,29.4,53.96,1027.49,24.0,63.4,5.4,-9.44,2.61,1.11
20200526-094851,INFO,68,42.93,29.42,54.21,1027.54,23.9,63.0,5.52,-8.79,2.45,1.28
20200526-094931,INFO,69,42.93,29.38,54.22,1027.51,24.0,63.9,5.38,-9.68,2.52,1.17
20200526-095010,INFO,70,43.47,29.27,54.08,1027.55,24.0,63.5,5.27,-9.42,2.69,1.13
20200526-095050,INFO,71,44.01,29.47,53.74,1027.53,24.0,62.8,5.47,-9.06,2.66,1.07
20200526-095130,INFO,72,43.47,29.4,53.89,1027.55,24.0,62.3,5.4,-8.41,2.61,1.24
20200526-095209,INFO,73,43.47,29.31,54.05,1027.53,24.0,63.0,5.31,-8.95,2.67,1.18
20200526-095249,INFO,ERROR,Sensor failure. Check wiring.
20200526-095329,INFO,74,44.01,29.62,54.14,1027.55,24.0,63.3,5.62,-9.16,2.56,1.11
20200526-095408,INFO,75,44.01,29.78,54.23,1027.55,24.0,64.3,5.78,-10.07,2.46,1.01
20200526-095448,INFO,76,43.47,29.6,54.45,1027.56,24.1,64.4,5.5,-9.95,2.52,1.1
20200526-095528,INFO,77,43.47,29.78,54.62,1027.56,24.1,64.5,5.68,-9.88,2.41,1.13
20200526-095607,INFO,78,43.47,29.78,54.43,1027.56,24.1,64.6,5.68,-10.17,2.41,1.08
20200526-095647,INFO,79,44.01,29.87,54.35,1027.55,24.1,64.6,5.77,-10.25,2.45,1.01
20200526-095727,INFO,80,44.01,29.94,54.27,1027.55,24.2,64.7,5.74,-10.43,2.45,0.98
20200526-095806,INFO,81,43.47,29.72,54.62,1027.59,24.2,64.6,5.52,-9.98,2.49,1.12
20200526-095846,INFO,ERROR,Sensor failure. Check wiring.
20200526-095926,INFO,82,43.47,29.71,55.31,1027.55,24.3,65.0,5.41,-9.69,2.54,1.22
20200526-100005,INFO,83,43.47,29.76,55.3,1027.59,24.2,65.1,5.56,-9.8,2.47,1.21
20200526-100045,INFO,84,43.47,29.81,55.18,1027.58,24.3,65.2,5.51,-10.02,2.48,1.17
20200526-100125,INFO,85,44.01,29.78,54.96,1027.54,24.3,65.6,5.48,-10.64,2.6,1.03
20200526-100204,INFO,86,44.55,29.65,55.61,1027.6,24.2,65.5,5.45,-9.89,2.73,1.12
20200526-100244,INFO,ERROR,Sensor failure. Check wiring.
20200526-100324,INFO,87,44.01,29.42,55.66,1027.57,24.2,65.9,5.22,-10.24,2.8,1.14
20200526-100403,INFO,88,43.47,29.63,55.82,1027.61,24.2,66.2,5.43,-10.38,2.55,1.19
20200526-100443,INFO,89,43.47,29.72,56.71,1027.61,24.1,66.3,5.62,-9.59,2.45,1.38
20200526-100523,INFO,90,43.47,29.54,56.06,1027.56,24.2,66.4,5.34,-10.34,2.61,1.22
20200526-100602,INFO,ERROR,Sensor failure. Check wiring.
20200526-100642,INFO,91,43.47,29.36,56.23,1027.58,24.1,66.7,5.26,-10.47,2.68,1.22
20200526-100721,INFO,92,44.01,29.2,56.74,1027.63,24.1,66.9,5.1,-10.16,2.9,1.25
20200526-100801,INFO,93,44.01,29.27,57.04,1027.68,24.0,67.2,5.27,-10.16,2.8,1.28
20200526-100841,INFO,94,44.01,29.05,57.47,1027.66,24.0,67.4,5.05,-9.93,2.96,1.36
20200526-100920,INFO,95,44.01,29.23,57.17,1027.66,23.9,67.5,5.33,-10.33,2.77,1.27
20200526-101000,INFO,96,43.47,29.2,57.27,1027.69,23.9,67.6,5.3,-10.33,2.69,1.34
20200526-101040,INFO,97,43.47,29.16,55.88,1027.68,23.9,67.6,5.26,-11.72,2.72,1.06
20200526-101119,INFO,98,43.47,29.18,57.43,1027.71,23.8,67.3,5.38,-9.87,2.66,1.41
20200526-101159,INFO,ERROR,Sensor failure. Check wiring.
20200526-101239,INFO,99,43.47,28.98,57.13,1027.7,23.8,67.2,5.18,-10.07,2.8,1.36
20200526-101318,INFO,ERROR,Sensor failure. Check wiring.
20200526-101358,INFO,100,42.93,29.12,56.84,1027.76,23.8,67.3,5.32,-10.46,2.6,1.33
20200526-101438,INFO,101,42.93,29.05,57.05,1027.77,23.9,67.0,5.15,-9.95,2.7,1.42
20200526-101517,INFO,102,44.01,29.07,58.94,1027.72,23.9,66.5,5.17,-7.56,2.89,1.97
20200526-101557,INFO,103,43.47,29.07,57.26,1027.73,24.0,66.9,5.07,-9.64,2.84,1.43
20200526-101637,INFO,104,42.93,28.98,57.3,1027.77,24.0,66.4,4.98,-9.1,2.8,1.58
20200526-101716,INFO,105,42.93,29.07,57.82,1027.72,24.1,66.4,4.97,-8.58,2.79,1.74
20200526-101756,INFO,106,43.47,29.14,57.15,1027.72,24.1,66.3,5.04,-9.15,2.84,1.5
20200526-101836,INFO,107,43.47,29.16,57.23,1027.7,24.1,66.2,5.06,-8.97,2.83,1.53
20200526-101915,INFO,108,44.01,29.42,56.74,1027.71,24.1,66.2,5.32,-9.46,2.74,1.35
20200526-101955,INFO,109,43.47,29.54,56.41,1027.71,24.2,66.3,5.34,-9.89,2.61,1.31
20200526-102035,INFO,110,43.47,29.27,56.31,1027.69,24.2,66.1,5.07,-9.79,2.8,1.31
20200526-102114,INFO,111,43.47,29.16,57.57,1027.63,24.2,65.8,4.96,-8.23,2.89,1.71
20200526-102154,INFO,112,43.47,29.11,57.82,1027.69,24.2,66.0,4.91,-8.18,2.92,1.75
20200526-102234,INFO,113,43.47,29.12,56.97,1027.7,24.2,66.1,4.92,-9.13,2.92,1.48
20200526-102313,INFO,114,43.47,28.94,56.87,1027.75,24.2,65.8,4.74,-8.93,3.07,1.5
20200526-102353,INFO,115,44.01,29.09,56.62,1027.76,24.2,65.6,4.89,-8.98,3.05,1.4
20200526-102433,INFO,116,43.47,28.91,57.29,1027.7,24.1,65.7,4.81,-8.41,3.03,1.64
20200526-102512,INFO,117,42.93,29.22,56.99,1027.69,24.0,65.9,5.22,-8.91,2.63,1.58
20200526-102552,INFO,118,43.47,28.76,57.26,1027.7,24.0,66.2,4.76,-8.94,3.09,1.54
20200526-102632,INFO,119,43.47,28.8,56.81,1027.73,23.9,66.2,4.9,-9.39,2.99,1.42
20200526-102711,INFO,120,43.47,28.94,57.28,1027.71,23.9,66.7,5.04,-9.42,2.88,1.47
20200526-102751,INFO,121,43.47,28.94,57.33,1027.72,23.9,67.1,5.04,-9.77,2.88,1.42
20200526-102831,INFO,ERROR,Sensor failure. Check wiring.
20200526-102910,INFO,122,43.47,29.07,57.16,1027.72,23.8,66.8,5.27,-9.64,2.73,1.42
20200526-102950,INFO,123,44.01,29.2,56.91,1027.77,23.8,66.6,5.4,-9.69,2.74,1.33
20200526-103030,INFO,124,43.47,28.94,56.97,1027.81,23.8,66.6,5.14,-9.63,2.83,1.4
20200526-103109,INFO,ERROR,Sensor failure. Check wiring.
20200526-103149,INFO,125,44.01,28.56,57.52,1027.93,23.8,66.7,4.76,-9.18,3.25,1.47
20200526-103229,INFO,126,43.47,28.6,57.68,1027.92,23.7,66.6,4.9,-8.92,3.03,1.59
20200526-103308,INFO,127,43.47,28.67,57.95,1027.95,23.7,66.5,4.97,-8.55,2.98,1.69
20200526-103348,INFO,128,43.47,28.85,56.98,1027.94,23.7,66.8,5.15,-9.82,2.84,1.38
20200526-103428,INFO,129,43.47,28.85,56.93,1027.93,23.7,66.6,5.15,-9.67,2.84,1.39
20200526-103507,INFO,130,43.47,28.65,57.16,1027.99,23.7,66.6,4.95,-9.44,2.99,1.45
20200526-103547,INFO,131,43.47,28.85,56.88,1027.96,23.6,66.5,5.25,-9.62,2.78,1.39
20200526-103627,INFO,132,43.47,28.89,56.9,1027.97,23.7,66.6,5.19,-9.7,2.81,1.38
20200526-103706,INFO,133,43.47,28.98,56.84,1027.89,23.7,66.5,5.28,-9.66,2.74,1.38
20200526-103746,INFO,134,43.47,28.89,56.59,1027.89,23.7,66.4,5.19,-9.81,2.81,1.34
20200526-103826,INFO,135,43.47,29.12,56.32,1027.86,23.7,66.2,5.42,-9.88,2.65,1.3
20200526-103905,INFO,136,43.47,28.83,56.32,1027.89,23.7,66.5,5.13,-10.18,2.85,1.26
20200526-103945,INFO,137,44.01,29.0,56.54,1027.9,23.7,66.3,5.3,-9.76,2.83,1.28
20200526-104025,INFO,138,42.93,28.83,56.51,1027.91,23.7,66.2,5.13,-9.69,2.75,1.4
20200526-104104,INFO,139,43.47,29.11,56.48,1027.87,23.7,66.1,5.41,-9.62,2.65,1.35
20200526-104144,INFO,140,43.47,28.73,56.62,1028.0,23.7,66.1,5.03,-9.48,2.93,1.39
20200526-104224,INFO,141,43.47,28.82,56.82,1027.95,23.7,66.2,5.12,-9.38,2.86,1.42
20200526-104303,INFO,142,43.47,28.62,56.93,1028.02,23.8,66.4,4.82,-9.47,3.08,1.42
20200526-104343,INFO,143,43.47,29.0,56.74,1027.86,23.7,66.3,5.3,-9.56,2.73,1.39
20200526-104423,INFO,144,44.01,29.25,56.46,1027.82,23.7,66.5,5.55,-10.04,2.66,1.24
20200526-104502,INFO,145,44.01,29.42,56.65,1027.8,23.8,66.6,5.62,-9.95,2.6,1.27
20200526-104542,INFO,146,43.47,29.31,56.5,1027.81,23.8,66.8,5.51,-10.3,2.57,1.27
20200526-104622,INFO,147,44.01,29.38,55.91,1027.79,23.8,66.5,5.58,-10.59,2.62,1.12
20200526-104701,INFO,ERROR,Sensor failure. Check wiring.
20200526-104741,INFO,148,42.93,29.54,56.15,1027.82,23.9,66.3,5.64,-10.15,2.37,1.3
20200526-104821,INFO,149,43.47,29.4,55.84,1027.78,23.9,66.2,5.5,-10.36,2.56,1.19
20200526-104900,INFO,150,43.47,29.42,55.99,1027.81,24.0,66.0,5.42,-10.01,2.59,1.25
20200526-104940,INFO,ERROR,Sensor failure. Check wiring.
20200526-105020,INFO,151,43.47,29.71,55.25,1027.82,24.1,66.1,5.61,-10.85,2.45,1.09
20200526-105059,INFO,152,43.47,29.83,55.68,1027.81,24.1,66.1,5.73,-10.42,2.38,1.17
20200526-105139,INFO,153,44.01,29.92,55.1,1027.81,24.1,66.0,5.82,-10.9,2.42,1.02
20200526-105219,INFO,154,43.47,30.01,55.52,1027.81,24.2,66.1,5.81,-10.58,2.32,1.14
20200526-105258,INFO,155,44.01,29.89,55.19,1027.84,24.2,66.0,5.69,-10.81,2.48,1.03
20200526-105338,INFO,156,44.01,29.8,55.09,1027.8,24.2,65.8,5.6,-10.71,2.54,1.03
20200526-105418,INFO,157,44.01,29.94,55.29,1027.78,24.2,66.0,5.74,-10.71,2.45,1.05
20200526-105457,INFO,158,44.01,29.69,55.77,1027.84,24.3,66.2,5.39,-10.43,2.66,1.13
20200526-105537,INFO,159,44.01,29.83,55.72,1027.8,24.2,66.2,5.63,-10.48,2.52,1.12
20200526-105616,INFO,160,44.55,29.94,55.87,1027.8,24.3,66.6,5.64,-10.73,2.59,1.05
20200526-105656,INFO,161,44.01,29.52,55.84,1027.81,24.2,66.7,5.32,-10.86,2.72,1.09
20200526-105736,INFO,162,44.01,29.72,56.39,1027.81,24.3,66.7,5.42,-10.31,2.64,1.2
20200526-105815,INFO,163,44.55,29.91,55.97,1027.81,24.3,66.7,5.61,-10.73,2.61,1.06
20200526-105855,INFO,ERROR,Sensor failure. Check wiring.
20200526-105935,INFO,164,43.47,29.62,55.81,1027.81,24.3,66.3,5.32,-10.49,2.6,1.18
20200526-110014,INFO,ERROR,Sensor failure. Check wiring.
20200526-110054,INFO,ERROR,Sensor failure. Check wiring.
20200526-110134,INFO,165,43.47,29.63,55.97,1027.82,24.2,66.0,5.43,-10.03,2.55,1.25
20200526-110213,INFO,166,44.01,29.74,56.42,1027.83,24.2,66.4,5.54,-9.98,2.58,1.24
20200526-110253,INFO,167,44.01,29.65,56.0,1027.83,24.3,66.6,5.35,-10.6,2.68,1.13
20200526-110333,INFO,168,44.01,29.81,55.82,1027.82,24.3,66.2,5.51,-10.38,2.58,1.14
20200526-110412,INFO,169,44.01,29.76,55.92,1027.85,24.3,66.3,5.46,-10.38,2.61,1.15
20200526-110452,INFO,170,44.55,29.89,55.95,1027.81,24.3,65.6,5.59,-9.65,2.62,1.18
20200526-110532,INFO,171,44.55,29.85,55.79,1027.82,24.3,66.3,5.55,-10.51,2.65,1.07
20200526-110611,INFO,172,44.01,29.87,55.6,1027.82,24.3,66.5,5.57,-10.9,2.54,1.06
20200526-110651,INFO,173,44.55,29.69,54.35,1027.84,24.3,66.0,5.39,-11.65,2.76,0.84
20200526-110731,INFO,174,43.47,29.76,55.42,1027.85,24.3,65.4,5.46,-9.98,2.51,1.2
20200526-110810,INFO,175,44.01,29.89,56.31,1027.83,24.3,65.7,5.59,-9.39,2.53,1.31
20200526-110850,INFO,176,44.01,29.67,55.89,1027.85,24.3,65.9,5.37,-10.01,2.67,1.19
20200526-110930,INFO,177,44.01,29.92,55.97,1027.87,24.4,66.0,5.52,-10.03,2.55,1.19
20200526-111009,INFO,178,44.55,29.87,55.86,1027.84,24.4,66.2,5.47,-10.34,2.68,1.09
20200526-111049,INFO,179,44.01,29.74,55.66,1027.8,24.4,66.1,5.34,-10.44,2.67,1.12
20200526-111129,INFO,180,44.01,29.94,55.65,1027.8,24.4,65.8,5.54,-10.15,2.54,1.15
20200526-111208,INFO,181,44.01,30.12,55.17,1027.84,24.4,65.9,5.72,-10.73,2.43,1.04
20200526-111248,INFO,182,44.01,30.32,55.22,1027.84,24.4,66.1,5.92,-10.88,2.31,1.03
20200526-111328,INFO,183,44.55,30.23,55.31,1027.83,24.4,66.2,5.83,-10.89,2.46,0.99
20200526-111407,INFO,184,44.01,30.12,55.48,1027.84,24.5,66.2,5.62,-10.72,2.47,1.07
20200526-111447,INFO,185,44.01,30.14,55.62,1027.8,24.5,66.3,5.64,-10.68,2.46,1.09
20200526-111527,INFO,ERROR,Sensor failure. Check wiring.
20200526-111606,INFO,186,44.01,30.12,55.66,1027.87,24.5,66.2,5.62,-10.54,2.47,1.11
20200526-111646,INFO,187,44.55,30.11,55.81,1027.77,24.6,66.3,5.51,-10.49,2.62,1.07
20200526-111726,INFO,188,44.55,30.2,55.95,1027.74,24.5,66.2,5.7,-10.25,2.52,1.11
20200526-111805,INFO,189,44.55,30.32,55.73,1027.8,24.5,66.3,5.82,-10.57,2.45,1.06
20200526-111845,INFO,ERROR,Sensor failure. Check wiring.
20200526-111925,INFO,ERROR,Sensor failure. Check wiring.
20200526-112004,INFO,190,44.01,30.11,55.58,1027.81,24.6,66.2,5.51,-10.62,2.52,1.09
20200526-112044,INFO,191,44.55,30.09,55.76,1027.85,24.6,66.2,5.49,-10.44,2.63,1.07
20200526-112124,INFO,192,44.01,30.14,56.58,1027.84,24.6,66.2,5.54,-9.62,2.5,1.31
20200526-112203,INFO,ERROR,Sensor failure. Check wiring.
20200526-112243,INFO,193,44.55,30.25,55.75,1027.86,24.6,66.3,5.65,-10.55,2.53,1.06
20200526-112323,INFO,194,44.01,30.14,55.76,1027.85,24.6,66.4,5.54,-10.64,2.5,1.1
20200526-112402,INFO,195,45.08,30.23,55.72,1027.86,24.6,66.4,5.63,-10.68,2.64,1.0
20200526-112442,INFO,196,44.01,30.4,56.08,1027.86,24.6,66.4,5.8,-10.32,2.35,1.17
20200526-112522,INFO,197,44.55,30.29,55.77,1027.82,24.6,66.4,5.69,-10.63,2.51,1.06
20200526-112601,INFO,198,44.55,30.36,55.06,1027.89,24.6,66.5,5.76,-11.44,2.46,0.92
20200526-112641,INFO,199,45.08,30.27,55.64,1027.9,24.6,66.5,5.67,-10.86,2.61,0.97
20200526-112721,INFO,200,44.55,30.32,55.66,1027.86,24.6,66.5,5.72,-10.84,2.49,1.02
20200526-112800,INFO,201,44.01,30.27,55.86,1027.88,24.6,66.5,5.67,-10.64,2.42,1.11
20200526-112840,INFO,202,44.55,30.21,55.81,1027.88,24.6,66.6,5.61,-10.79,2.56,1.04
20200526-112920,INFO,203,44.55,30.27,56.07,1027.88,24.7,66.6,5.57,-10.53,2.56,1.09
20200526-112959,INFO,204,44.55,30.34,55.73,1027.88,24.6,66.7,5.74,-10.97,2.48,1.02
20200526-113039,INFO,ERROR,Sensor failure. Check wiring.
20200526-113119,INFO,205,45.08,30.52,55.89,1027.86,24.7,66.7,5.82,-10.81,2.5,1.0
20200526-113158,INFO,206,44.01,30.41,56.17,1027.85,24.7,66.8,5.71,-10.63,2.38,1.14
20200526-113238,INFO,207,44.55,30.47,55.96,1027.87,24.7,66.8,5.77,-10.84,2.44,1.05
20200526-113318,INFO,208,44.55,30.36,55.98,1027.82,24.7,66.8,5.66,-10.82,2.51,1.06
20200526-113357,INFO,209,45.08,30.54,56.11,1027.86,24.7,66.9,5.84,-10.79,2.49,1.02
20200526-113437,INFO,210,44.55,30.5,55.75,1027.86,24.7,66.8,5.8,-11.05,2.42,1.01
20200526-113517,INFO,211,44.55,30.63,55.89,1027.84,24.7,66.9,5.93,-11.01,2.35,1.03
20200526-113556,INFO,212,45.08,30.65,55.48,1027.83,24.7,66.7,5.95,-11.22,2.43,0.93
20200526-113636,INFO,213,45.08,30.54,55.13,1027.83,24.8,66.8,5.74,-11.67,2.53,0.86
20200526-113716,INFO,214,45.08,30.63,55.57,1027.82,24.7,66.7,5.93,-11.13,2.44,0.94
20200526-113755,INFO,215,45.08,30.63,55.63,1027.83,24.7,66.7,5.93,-11.07,2.44,0.95
20200526-113835,INFO,216,44.55,30.58,55.77,1027.81,24.7,66.9,5.88,-11.13,2.38,1.01
20200526-113915,INFO,ERROR,Sensor failure. Check wiring.
20200526-113954,INFO,217,45.08,30.7,55.74,1027.8,24.7,66.9,6.0,-11.16,2.4,0.96
20200526-114034,INFO,218,44.55,30.76,55.21,1027.8,24.7,66.8,6.06,-11.59,2.28,0.92
20200526-114114,INFO,219,45.08,30.74,55.5,1027.82,24.7,66.7,6.04,-11.2,2.37,0.93
20200526-114153,INFO,220,44.55,30.65,55.4,1027.8,24.7,66.6,5.95,-11.2,2.34,0.97
20200526-114233,INFO,221,44.55,30.67,55.26,1027.85,24.8,66.8,5.87,-11.54,2.36,0.93
20200526-114313,INFO,222,45.08,30.67,54.3,1027.84,24.8,66.9,5.87,-12.6,2.45,0.73
20200526-114352,INFO,223,44.55,30.67,55.14,1027.81,24.7,66.8,5.97,-11.66,2.32,0.91
20200526-114432,INFO,224,44.55,30.74,55.57,1027.85,24.8,66.8,5.94,-11.23,2.32,0.98
20200526-114512,INFO,225,45.08,30.65,55.3,1027.82,24.8,66.8,5.85,-11.5,2.47,0.89
20200526-114551,INFO,226,44.55,30.7,55.73,1027.86,24.8,66.8,5.9,-11.07,2.35,1.01
20200526-114631,INFO,227,45.08,30.65,55.23,1027.81,24.8,66.8,5.85,-11.57,2.47,0.88
20200526-114710,INFO,ERROR,Sensor failure. Check wiring.
20200526-114750,INFO,228,45.08,30.74,55.37,1027.86,24.8,67.0,5.94,-11.63,2.41,0.88
20200526-114830,INFO,229,45.08,30.7,56.29,1027.89,24.8,66.9,5.9,-10.61,2.44,1.06
20200526-114909,INFO,230,44.55,30.7,55.44,1027.86,24.8,66.8,5.9,-11.36,2.35,0.96
20200526-114949,INFO,231,45.08,30.87,55.51,1027.87,24.8,66.9,6.07,-11.39,2.34,0.92
20200526-115029,INFO,232,45.08,30.94,55.34,1027.83,24.8,66.8,6.14,-11.46,2.3,0.9
20200526-115108,INFO,233,45.08,30.87,55.53,1027.83,24.8,67.0,6.07,-11.47,2.34,0.91
20200526-115148,INFO,234,44.55,30.67,55.62,1027.86,24.8,67.2,5.87,-11.58,2.36,0.96
20200526-115228,INFO,235,45.08,30.83,56.14,1027.86,24.8,67.2,6.03,-11.06,2.36,1.0
20200526-115307,INFO,236,45.08,30.81,55.33,1027.82,24.8,67.2,6.01,-11.87,2.37,0.86
20200526-115347,INFO,237,45.08,30.72,55.59,1027.83,24.8,67.2,5.92,-11.61,2.43,0.91
20200526-115427,INFO,238,45.08,30.61,55.85,1027.81,24.8,67.3,5.81,-11.45,2.49,0.94
20200526-115506,INFO,ERROR,Sensor failure. Check wiring.
20200526-115546,INFO,ERROR,Sensor failure. Check wiring.
20200526-115626,INFO,239,45.08,30.52,56.0,1027.86,24.8,67.2,5.72,-11.2,2.55,0.97
20200526-115705,INFO,240,45.08,30.7,56.17,1027.85,24.7,67.2,6.0,-11.03,2.4,1.01
20200526-115745,INFO,241,44.55,30.69,55.24,1027.81,24.7,67.2,5.99,-11.96,2.31,0.89
20200526-115825,INFO,242,45.08,30.52,55.61,1027.83,24.7,67.0,5.82,-11.39,2.5,0.92
20200526-115904,INFO,243,45.62,30.61,56.09,1027.86,24.7,66.8,5.91,-10.71,2.54,0.98
20200526-115944,INFO,244,45.08,30.58,55.53,1027.84,24.7,66.9,5.88,-11.37,2.47,0.92
20200526-120024,INFO,245,44.55,30.72,55.44,1027.85,24.7,66.7,6.02,-11.26,2.3,0.97
20200526-120103,INFO,246,44.55,30.7,55.28,1027.84,24.7,66.6,6.0,-11.32,2.31,0.95
20200526-120143,INFO,247,44.55,30.67,54.86,1027.84,24.7,66.6,5.97,-11.74,2.32,0.88
20200526-120223,INFO,ERROR,Sensor failure. Check wiring.
20200526-120302,INFO,ERROR,Sensor failure. Check wiring.
20200526-120342,INFO,248,44.55,30.61,55.11,1027.86,24.6,66.4,6.01,-11.29,2.32,0.94
20200526-120422,INFO,ERROR,Sensor failure. Check wiring.
20200526-120501,INFO,249,45.08,30.74,54.52,1027.86,24.6,66.3,6.14,-11.78,2.34,0.8
20200526-120541,INFO,250,45.08,30.89,54.56,1027.88,24.6,66.3,6.29,-11.74,2.26,0.81
20200526-120621,INFO,251,44.55,30.92,54.44,1027.86,24.6,66.2,6.32,-11.76,2.16,0.84
20200526-120700,INFO,252,44.55,30.98,54.45,1027.85,24.6,66.2,6.38,-11.75,2.13,0.84
20200526-120740,INFO,253,45.08,31.07,54.17,1027.82,24.6,66.2,6.47,-12.03,2.17,0.76
20200526-120820,INFO,254,45.08,31.07,53.74,1027.84,24.6,66.2,6.47,-12.46,2.17,0.7
20200526-120859,INFO,ERROR,Sensor failure. Check wiring.
20200526-120939,INFO,255,45.08,30.63,54.42,1027.84,24.7,66.2,5.93,-11.78,2.44,0.79
20200526-121019,INFO,256,45.08,30.81,54.77,1027.81,24.6,66.6,6.21,-11.83,2.3,0.82
20200526-121058,INFO,257,45.08,30.85,54.68,1027.84,24.6,66.6,6.25,-11.92,2.28,0.81
20200526-121138,INFO,ERROR,Sensor failure. Check wiring.
20200526-121218,INFO,258,45.08,30.94,54.69,1027.85,24.7,66.8,6.24,-12.11,2.27,0.79
20200526-121257,INFO,259,45.62,30.87,54.8,1027.84,24.7,66.9,6.17,-12.1,2.39,0.76
20200526-121337,INFO,260,44.55,30.89,55.19,1027.8,24.7,66.8,6.19,-11.61,2.21,0.92
20200526-121417,INFO,261,45.08,30.9,54.95,1027.83,24.8,66.8,6.1,-11.85,2.32,0.83
20200526-121456,INFO,262,45.08,30.99,54.79,1027.85,24.8,66.8,6.19,-12.01,2.28,0.81
20200526-121536,INFO,263,45.08,30.87,54.75,1027.85,24.8,66.8,6.07,-12.05,2.34,0.8
20200526-121616,INFO,264,45.08,30.87,54.71,1027.85,24.8,66.8,6.07,-12.09,2.34,0.8
20200526-121655,INFO,ERROR,Sensor failure. Check wiring.
20200526-121735,INFO,265,45.08,30.89,54.74,1027.88,24.8,66.8,6.09,-12.06,2.33,0.8
20200526-121815,INFO,266,45.08,30.96,54.85,1027.84,24.8,66.8,6.16,-11.95,2.29,0.82
20200526-121854,INFO,267,44.01,30.96,54.67,1027.85,24.8,66.8,6.16,-12.13,2.12,0.88
20200526-121934,INFO,268,45.08,30.85,55.03,1027.85,24.8,66.8,6.05,-11.77,2.35,0.85
20200526-122014,INFO,269,45.08,30.96,54.66,1027.85,24.8,66.8,6.16,-12.14,2.29,0.79
20200526-122053,INFO,270,45.08,31.03,54.95,1027.83,24.8,66.8,6.23,-11.85,2.26,0.83
20200526-122133,INFO,271,44.55,30.81,54.84,1027.85,24.8,67.0,6.01,-12.16,2.29,0.85
20200526-122213,INFO,272,45.08,30.83,55.25,1027.83,24.8,66.9,6.03,-11.65,2.36,0.87
20200526-122252,INFO,273,45.08,30.9,54.88,1027.85,24.8,66.9,6.1,-12.02,2.32,0.82
20200526-122332,INFO,274,45.08,30.76,55.09,1027.83,24.8,67.0,5.96,-11.91,2.4,0.84
20200526-122412,INFO,275,45.08,30.92,55.2,1027.79,24.8,67.0,6.12,-11.8,2.31,0.86
20200526-122451,INFO,276,45.08,31.01,54.96,1027.79,24.8,67.0,6.21,-12.04,2.27,0.82
20200526-122531,INFO,ERROR,Sensor failure. Check wiring.
20200526-122611,INFO,277,45.08,30.87,55.13,1027.8,24.8,67.0,6.07,-11.87,2.34,0.85
20200526-122650,INFO,278,45.08,30.9,55.29,1027.79,24.8,67.1,6.1,-11.81,2.32,0.86
20200526-122730,INFO,279,45.08,30.83,55.36,1027.76,24.8,67.2,6.03,-11.84,2.36,0.87
20200526-122810,INFO,280,45.08,30.89,55.09,1027.79,24.8,67.2,6.09,-12.11,2.33,0.83
20200526-122849,INFO,281,44.55,30.89,55.01,1027.77,24.8,67.2,6.09,-12.19,2.24,0.86
20200526-122929,INFO,282,45.08,30.78,55.25,1027.8,24.8,67.1,5.98,-11.85,2.39,0.86
20200526-123008,INFO,283,45.08,30.98,55.22,1027.81,24.8,67.2,6.18,-11.98,2.28,0.85
20200526-123048,INFO,284,45.08,30.8,55.22,1027.79,24.8,67.2,6.0,-11.98,2.38,0.85
20200526-123128,INFO,285,45.08,30.94,55.24,1027.85,24.9,67.3,6.04,-12.06,2.34,0.84
20200526-123207,INFO,286,45.08,30.99,54.89,1027.82,24.8,67.2,6.19,-12.31,2.28,0.8
20200526-123247,INFO,287,45.08,30.92,55.02,1027.82,24.8,67.2,6.12,-12.18,2.31,0.82
20200526-123327,INFO,288,45.08,30.87,55.11,1027.84,24.8,67.3,6.07,-12.19,2.34,0.82
20200526-123406,INFO,289,45.08,30.85,56.73,1027.78,24.8,67.2,6.05,-10.47,2.35,1.11
20200526-123446,INFO,290,45.08,30.94,55.34,1027.8,24.8,67.2,6.14,-11.86,2.3,0.87
20200526-123526,INFO,291,45.08,30.96,55.2,1027.8,24.9,67.3,6.06,-12.1,2.33,0.84
20200526-123605,INFO,292,45.08,30.96,55.3,1027.79,24.9,67.4,6.06,-12.1,2.33,0.84
20200526-123645,INFO,293,45.08,31.07,55.29,1027.79,24.8,67.3,6.27,-12.01,2.23,0.85
20200526-123725,INFO,294,45.08,31.16,55.28,1027.78,24.8,67.4,6.36,-12.12,2.19,0.84
20200526-123804,INFO,295,45.08,31.1,54.92,1027.75,24.9,67.3,6.2,-12.38,2.25,0.79
20200526-123844,INFO,296,45.08,31.09,55.2,1027.78,24.9,67.5,6.19,-12.3,2.26,0.82
20200526-123924,INFO,297,45.08,31.09,55.02,1027.78,24.9,67.4,6.19,-12.38,2.26,0.8
20200526-124003,INFO,298,45.08,31.05,55.03,1027.77,24.9,67.3,6.15,-12.27,2.28,0.81
20200526-124043,INFO,299,45.08,31.16,55.37,1027.77,24.9,67.3,6.26,-11.93,2.22,0.86
20200526-124123,INFO,300,45.08,31.05,55.13,1027.75,24.9,67.4,6.15,-12.27,2.28,0.82
20200526-124202,INFO,ERROR,Sensor failure. Check wiring.
20200526-124242,INFO,301,45.08,31.14,54.92,1027.71,24.9,67.4,6.24,-12.48,2.23,0.79
20200526-124322,INFO,ERROR,Sensor failure. Check wiring.
20200526-124401,INFO,302,45.08,30.87,55.35,1027.78,24.9,67.4,5.97,-12.05,2.38,0.85
20200526-124441,INFO,303,45.08,31.14,55.31,1027.77,24.9,67.4,6.24,-12.09,2.23,0.85
20200526-124521,INFO,304,45.08,31.12,56.16,1027.74,24.9,67.5,6.22,-11.34,2.24,0.98
20200526-124600,INFO,305,45.08,31.05,55.1,1027.74,24.9,67.4,6.15,-12.3,2.28,0.81
20200526-124640,INFO,306,45.08,31.09,55.17,1027.74,24.9,67.5,6.19,-12.33,2.26,0.82
20200526-124720,INFO,307,45.08,31.14,55.27,1027.73,24.9,67.6,6.24,-12.33,2.23,0.83
20200526-124759,INFO,308,45.08,31.05,55.15,1027.73,24.9,67.6,6.15,-12.45,2.28,0.81
20200526-124839,INFO,309,45.08,31.21,54.88,1027.75,24.9,67.5,6.31,-12.62,2.2,0.78
20200526-124919,INFO,310,45.62,31.09,55.13,1027.74,24.9,67.4,6.19,-12.27,2.35,0.78
20200526-124958,INFO,311,45.08,31.05,55.53,1027.7,24.9,67.5,6.15,-11.97,2.28,0.87
20200526-125038,INFO,312,45.08,31.12,54.91,1027.74,24.9,67.6,6.22,-12.69,2.24,0.77
20200526-125118,INFO,313,45.08,31.12,56.08,1027.72,24.9,67.5,6.22,-11.42,2.24,0.96
20200526-125157,INFO,314,45.08,31.1,55.13,1027.73,24.9,67.4,6.2,-12.27,2.25,0.82
20200526-125237,INFO,315,45.08,31.1,55.32,1027.68,24.9,67.4,6.2,-12.08,2.25,0.85
20200526-125317,INFO,316,45.08,31.03,55.19,1027.69,24.9,67.4,6.13,-12.21,2.29,0.83
20200526-125356,INFO,317,45.08,31.07,55.06,1027.69,24.9,67.4,6.17,-12.34,2.27,0.81
20200526-125436,INFO,318,45.08,31.14,55.26,1027.67,24.9,67.5,6.24,-12.24,2.23,0.83
20200526-125516,INFO,319,45.08,31.16,55.24,1027.69,25.0,67.6,6.16,-12.36,2.26,0.82
20200526-125555,INFO,ERROR,Sensor failure. Check wiring.
20200526-125635,INFO,320,45.08,31.14,55.32,1027.66,24.9,67.6,6.24,-12.28,2.23,0.83
20200526-125715,INFO,321,45.08,31.23,55.1,1027.65,24.9,67.5,6.33,-12.4,2.19,0.81
20200526-125754,INFO,322,45.08,31.1,54.79,1027.71,24.9,67.5,6.2,-12.71,2.25,0.76
20200526-125834,INFO,323,45.08,31.03,55.15,1027.61,24.9,67.5,6.13,-12.35,2.29,0.82
20200526-125914,INFO,324,45.08,30.99,55.42,1027.66,24.9,67.8,6.09,-12.38,2.31,0.84
20200526-125953,INFO,325,45.08,31.36,54.84,1027.68,24.9,67.9,6.46,-13.06,2.12,0.75
20200526-130033,INFO,326,45.62,31.12,55.59,1027.67,24.9,67.8,6.22,-12.21,2.33,0.82
20200526-130113,INFO,327,45.08,31.27,55.08,1027.7,24.9,67.7,6.37,-12.62,2.17,0.79
20200526-130152,INFO,328,45.08,31.32,55.33,1027.76,24.9,67.6,6.42,-12.27,2.14,0.84
20200526-130232,INFO,329,45.08,31.38,54.89,1027.71,24.9,67.5,6.48,-12.61,2.11,0.78
20200526-130312,INFO,330,45.08,31.16,54.81,1027.69,24.9,67.7,6.26,-12.89,2.22,0.75
20200526-130351,INFO,331,45.08,31.12,55.12,1027.68,24.9,67.7,6.22,-12.58,2.24,0.8
20200526-130431,INFO,332,45.08,30.9,55.52,1027.67,24.9,67.6,6.0,-12.08,2.36,0.86
20200526-130511,INFO,333,44.01,30.94,53.94,1027.67,24.9,68.2,6.04,-14.26,2.16,0.7
20200526-130550,INFO,ERROR,Sensor failure. Check wiring.
20200526-130630,INFO,334,45.08,30.94,55.48,1027.69,24.9,68.1,6.04,-12.62,2.34,0.82
20200526-130710,INFO,335,44.55,31.01,55.19,1027.7,24.9,67.9,6.11,-12.71,2.22,0.84
20200526-130749,INFO,336,45.08,31.09,55.36,1027.66,24.9,67.9,6.19,-12.54,2.26,0.82
20200526-130829,INFO,337,45.08,31.12,55.99,1027.68,24.9,67.8,6.22,-11.81,2.24,0.92
20200526-130909,INFO,338,45.62,31.14,55.19,1027.6,24.9,67.9,6.24,-12.71,2.32,0.75
20200526-130948,INFO,339,45.08,31.25,54.56,1027.62,24.9,67.9,6.35,-13.34,2.18,0.71
20200526-131028,INFO,340,45.08,31.18,55.24,1027.62,24.9,67.8,6.28,-12.56,2.21,0.81
20200526-131108,INFO,341,45.08,31.18,55.13,1027.69,25.0,67.8,6.18,-12.67,2.25,0.79
20200526-131147,INFO,342,45.08,31.29,55.01,1027.58,24.9,67.7,6.39,-12.69,2.16,0.78
20200526-131227,INFO,ERROR,Sensor failure. Check wiring.
20200526-131307,INFO,ERROR,Sensor failure. Check wiring.
20200526-131346,INFO,343,45.08,31.23,54.96,1027.62,24.9,67.7,6.33,-12.74,2.19,0.78
20200526-131426,INFO,ERROR,Sensor failure. Check wiring.
20200526-131506,INFO,344,45.08,31.34,55.46,1027.61,25.0,67.7,6.34,-12.24,2.17,0.85
20200526-131545,INFO,345,44.55,31.29,55.03,1027.58,24.9,67.7,6.39,-12.67,2.08,0.83
20200526-131625,INFO,346,45.08,31.36,54.79,1027.51,24.9,67.7,6.46,-12.91,2.12,0.75
20200526-131705,INFO,ERROR,Sensor failure. Check wiring.
20200526-131744,INFO,347,45.08,31.32,54.72,1027.52,24.9,67.7,6.42,-12.98,2.14,0.74
20200526-131824,INFO,348,45.62,31.36,54.78,1027.58,25.0,67.8,6.36,-13.02,2.24,0.7
20200526-131904,INFO,ERROR,Sensor failure. Check wiring.
20200526-131943,INFO,349,45.08,31.23,55.12,1027.52,25.0,67.7,6.23,-12.58,2.22,0.8
20200526-132023,INFO,350,45.08,31.36,55.06,1027.52,25.0,67.7,6.36,-12.64,2.16,0.79
20200526-132103,INFO,351,45.08,31.38,54.54,1027.49,25.0,68.0,6.38,-13.46,2.15,0.7
20200526-132142,INFO,352,45.08,31.36,54.92,1027.49,25.0,67.8,6.36,-12.88,2.16,0.76
20200526-132222,INFO,ERROR,Sensor failure. Check wiring.
20200526-132301,INFO,353,45.62,31.34,55.03,1027.46,25.0,67.7,6.34,-12.67,2.25,0.74
20200526-132341,INFO,354,45.08,31.39,54.71,1027.48,25.0,67.7,6.39,-12.99,2.14,0.74
20200526-132421,INFO,355,45.08,31.43,54.71,1027.48,25.0,67.7,6.43,-12.99,2.12,0.74
20200526-132500,INFO,356,45.08,31.48,54.69,1027.47,25.0,67.6,6.48,-12.91,2.1,0.74
20200526-132540,INFO,ERROR,Sensor failure. Check wiring.
20200526-132620,INFO,357,45.08,31.32,54.93,1027.47,25.0,67.7,6.32,-12.77,2.18,0.77
20200526-132659,INFO,358,45.08,31.52,54.8,1027.48,25.0,67.8,6.52,-13.0,2.08,0.75
20200526-132739,INFO,359,45.08,31.41,54.84,1027.53,25.0,67.8,6.41,-12.96,2.13,0.75
20200526-132819,INFO,360,45.08,31.56,54.71,1027.55,25.0,67.7,6.56,-12.99,2.06,0.74
20200526-132858,INFO,ERROR,Sensor failure. Check wiring.
20200526-132938,INFO,361,45.62,31.65,53.82,1027.54,25.0,67.7,6.65,-13.88,2.1,0.59
20200526-133018,INFO,362,45.08,31.58,54.29,1027.54,25.0,67.6,6.58,-13.31,2.05,0.69
20200526-133057,INFO,363,45.08,31.61,54.15,1027.51,25.0,67.8,6.61,-13.65,2.04,0.66
20200526-133137,INFO,364,45.62,31.52,54.38,1027.55,25.1,67.9,6.42,-13.52,2.2,0.65
20200526-133217,INFO,365,45.08,31.58,54.21,1027.54,25.0,67.7,6.58,-13.49,2.05,0.68
20200526-133256,INFO,366,45.62,31.45,54.65,1027.56,25.0,67.7,6.45,-13.05,2.2,0.69
20200526-133336,INFO,367,45.08,31.58,54.5,1027.56,25.0,67.8,6.58,-13.3,2.05,0.71
20200526-133416,INFO,368,45.08,31.54,54.49,1027.54,25.0,67.7,6.54,-13.21,2.07,0.71
20200526-133455,INFO,369,45.62,31.48,54.26,1027.55,25.1,67.7,6.38,-13.44,2.22,0.64
20200526-133535,INFO,370,45.08,31.54,54.36,1027.57,25.1,67.7,6.44,-13.34,2.1,0.7
20200526-133615,INFO,ERROR,Sensor failure. Check wiring.
20200526-133654,INFO,371,45.08,31.59,54.4,1027.55,25.1,67.7,6.49,-13.3,2.08,0.7
20200526-133734,INFO,372,45.08,31.47,54.55,1027.57,25.1,68.0,6.37,-13.45,2.14,0.7
20200526-133814,INFO,373,45.08,31.5,54.66,1027.55,25.1,67.8,6.4,-13.14,2.12,0.73
20200526-133853,INFO,374,45.08,31.47,54.62,1027.54,25.1,67.7,6.37,-13.08,2.14,0.73
20200526-133933,INFO,375,45.08,31.54,54.49,1027.53,25.1,67.6,6.44,-13.11,2.1,0.72
20200526-134013,INFO,376,45.08,31.59,54.22,1027.54,25.1,67.8,6.49,-13.58,2.08,0.67
20200526-134052,INFO,377,45.08,31.7,54.21,1027.53,25.1,67.7,6.6,-13.49,2.03,0.68
20200526-134132,INFO,378,45.08,31.7,53.65,1027.48,25.1,67.7,6.6,-14.05,2.03,0.61
20200526-134212,INFO,379,45.62,31.59,54.49,1027.55,25.1,67.6,6.49,-13.11,2.16,0.68
20200526-134251,INFO,380,45.62,31.61,54.37,1027.54,25.1,67.7,6.51,-13.33,2.15,0.66
20200526-134331,INFO,381,45.62,31.68,54.02,1027.54,25.1,67.7,6.58,-13.68,2.12,0.61
20200526-134411,INFO,382,45.08,31.7,54.15,1027.51,25.1,67.8,6.6,-13.65,2.03,0.66
20200526-134450,INFO,383,45.62,31.58,52.88,1027.51,25.1,67.7,6.48,-14.82,2.17,0.49
20200526-134530,INFO,384,45.62,31.7,54.31,1027.51,25.1,67.7,6.6,-13.39,2.11,0.65
20200526-134610,INFO,385,45.08,31.74,54.38,1027.47,25.1,67.8,6.64,-13.42,2.01,0.69
20200526-134649,INFO,ERROR,Sensor failure. Check wiring.
20200526-134729,INFO,386,45.62,31.68,54.4,1027.49,25.1,67.7,6.58,-13.3,2.12,0.66
20200526-134809,INFO,387,45.62,31.87,54.69,1027.51,25.1,67.7,6.77,-13.01,2.03,0.7
20200526-134848,INFO,388,45.62,31.78,54.12,1027.47,25.1,67.8,6.68,-13.68,2.07,0.62
20200526-134928,INFO,389,45.62,31.67,54.98,1027.45,25.1,67.6,6.57,-12.62,2.12,0.74
20200526-135008,INFO,390,45.08,31.63,54.39,1027.46,25.1,68.0,6.53,-13.61,2.06,0.68
20200526-135047,INFO,391,45.08,31.79,54.26,1027.45,25.1,67.8,6.69,-13.54,1.99,0.68
20200526-135127,INFO,392,45.08,31.85,54.26,1027.49,25.1,67.8,6.75,-13.54,1.96,0.68
20200526-135207,INFO,393,45.62,31.87,54.35,1027.45,25.1,68.3,6.77,-13.95,2.03,0.63
20200526-135246,INFO,ERROR,Sensor failure. Check wiring.
20200526-135326,INFO,394,45.62,31.68,54.55,1027.45,25.0,68.7,6.68,-14.15,2.09,0.63
20200526-135406,INFO,395,45.08,31.83,54.62,1027.45,25.0,68.8,6.83,-14.18,1.94,0.67
20200526-135445,INFO,396,45.08,31.74,54.48,1027.44,25.0,68.8,6.74,-14.32,1.98,0.66
20200526-135525,INFO,397,45.62,31.78,54.73,1027.43,25.0,68.8,6.78,-14.07,2.04,0.65
20200526-135605,INFO,398,45.08,31.78,54.45,1027.41,24.9,68.8,6.88,-14.35,1.93,0.65
20200526-135644,INFO,399,45.08,31.72,54.94,1027.41,24.9,68.9,6.82,-13.96,1.96,0.71
20200526-135724,INFO,400,45.62,31.83,54.55,1027.41,24.9,68.8,6.93,-14.25,1.99,0.63
20200526-135804,INFO,401,45.62,31.79,54.4,1027.39,24.9,68.9,6.89,-14.5,2.01,0.61
20200526-135843,INFO,402,45.62,31.92,53.87,1027.41,24.9,68.9,7.02,-15.03,1.95,0.55
20200526-135923,INFO,403,45.08,31.88,54.23,1027.39,24.9,68.8,6.98,-14.57,1.89,0.63
20200526-140003,INFO,ERROR,Sensor failure. Check wiring.
20200526-140042,INFO,404,45.08,31.79,54.9,1027.37,24.9,68.7,6.89,-13.8,1.93,0.71
20200526-140122,INFO,405,45.62,31.7,54.25,1027.35,24.9,68.9,6.8,-14.65,2.05,0.59
20200526-140202,INFO,406,45.62,31.94,54.0,1027.34,24.9,68.8,7.04,-14.8,1.94,0.57
20200526-140241,INFO,ERROR,Sensor failure. Check wiring.
20200526-140321,INFO,407,45.08,31.88,53.91,1027.32,24.9,68.9,6.98,-14.99,1.89,0.59
20200526-140401,INFO,408,45.62,31.81,54.1,1027.31,24.8,68.9,7.01,-14.8,1.97,0.57
20200526-140440,INFO,ERROR,Sensor failure. Check wiring.
20200526-140520,INFO,409,45.08,31.81,53.94,1027.27,24.8,68.9,7.01,-14.96,1.89,0.59
20200526-140600,INFO,410,45.62,31.92,54.31,1027.26,24.8,69.0,7.12,-14.69,1.92,0.59
20200526-140639,INFO,411,45.62,31.79,54.21,1027.26,24.9,69.3,6.89,-15.09,2.01,0.57
20200526-140719,INFO,412,45.62,31.92,54.19,1027.27,24.8,69.4,7.12,-15.21,1.92,0.56
20200526-140759,INFO,413,45.08,31.94,54.54,1027.29,24.8,69.4,7.14,-14.86,1.84,0.64
20200526-140838,INFO,414,45.62,31.99,54.38,1027.26,24.8,69.3,7.19,-14.92,1.9,0.59
20200526-140918,INFO,415,45.62,31.88,54.3,1027.24,24.8,69.5,7.08,-15.2,1.94,0.57
20200526-140958,INFO,416,45.08,31.87,54.2,1027.23,24.8,69.5,7.07,-15.3,1.87,0.6
20200526-141037,INFO,417,45.08,31.74,54.39,1027.31,24.8,69.5,6.94,-15.11,1.92,0.62
20200526-141117,INFO,ERROR,Sensor failure. Check wiring.
20200526-141156,INFO,418,45.08,31.45,55.36,1027.31,24.8,69.4,6.65,-14.04,2.05,0.73
20200526-141236,INFO,ERROR,Sensor failure. Check wiring.
20200526-141316,INFO,419,45.08,31.59,54.83,1027.3,24.8,69.5,6.79,-14.67,1.99,0.66
20200526-141355,INFO,ERROR,Sensor failure. Check wiring.
20200526-141435,INFO,ERROR,Sensor failure. Check wiring.
20200526-141515,INFO,420,45.08,31.43,55.47,1027.27,24.9,69.3,6.53,-13.83,2.09,0.75
20200526-141554,INFO,421,45.08,31.56,55.12,1027.28,24.9,69.4,6.66,-14.28,2.03,0.7
20200526-141634,INFO,ERROR,Sensor failure. Check wiring.
20200526-141714,INFO,422,45.08,31.27,55.76,1027.32,24.9,68.9,6.37,-13.14,2.17,0.81
20200526-141753,INFO,423,45.08,31.34,55.31,1027.3,25.0,69.3,6.34,-13.99,2.17,0.73
20200526-141833,INFO,424,45.08,31.52,55.25,1027.28,25.0,69.2,6.52,-13.95,2.08,0.73
20200526-141913,INFO,425,45.62,31.45,55.69,1027.27,25.0,68.9,6.45,-13.21,2.2,0.76
20200526-141952,INFO,ERROR,Sensor failure. Check wiring.
20200526-142032,INFO,426,45.08,31.67,54.93,1027.29,25.0,69.0,6.67,-14.07,2.01,0.7
20200526-142112,INFO,427,45.08,31.65,54.72,1027.25,25.0,69.0,6.65,-14.28,2.02,0.68
20200526-142151,INFO,ERROR,Sensor failure. Check wiring.
20200526-142231,INFO,428,45.62,31.76,54.58,1027.25,25.0,68.7,6.76,-14.12,2.05,0.63
20200526-142311,INFO,429,45.62,31.72,53.5,1027.3,25.0,68.8,6.72,-15.3,2.07,0.52
20200526-142350,INFO,430,45.08,31.83,54.55,1027.25,25.0,68.7,6.83,-14.15,1.94,0.67
20200526-142430,INFO,431,45.08,31.94,54.21,1027.26,25.0,68.9,6.94,-14.69,1.89,0.62
20200526-142510,INFO,432,45.62,31.85,54.61,1027.25,25.1,68.8,6.75,-14.19,2.04,0.63
20200526-142549,INFO,433,45.62,31.83,54.24,1027.23,25.0,68.7,6.83,-14.46,2.02,0.6
20200526-142629,INFO,434,45.08,31.68,54.38,1027.26,25.1,68.6,6.58,-14.22,2.04,0.65
20200526-142709,INFO,435,45.62,31.92,55.12,1027.28,25.0,68.6,6.92,-13.48,1.98,0.7
20200526-142748,INFO,436,45.62,31.67,54.32,1027.3,25.1,69.0,6.57,-14.68,2.12,0.59
20200526-142828,INFO,437,45.62,31.88,54.3,1027.31,25.1,68.8,6.78,-14.5,2.03,0.6
20200526-142908,INFO,438,45.62,31.78,54.26,1027.28,25.1,68.9,6.68,-14.64,2.07,0.59
20200526-142947,INFO,439,45.08,31.98,54.82,1027.3,25.1,68.6,6.88,-13.78,1.9,0.71
20200526-143027,INFO,440,45.08,31.79,54.32,1027.27,25.1,68.7,6.69,-14.38,1.99,0.64
20200526-143107,INFO,441,45.08,31.81,54.49,1027.28,25.1,68.5,6.71,-14.01,1.98,0.67
20200526-143146,INFO,442,45.62,31.94,54.38,1027.3,25.1,68.6,6.84,-14.22,2.0,0.62
20200526-143226,INFO,443,45.08,31.9,54.34,1027.27,25.1,68.6,6.8,-14.26,1.94,0.65
20200526-143306,INFO,ERROR,Sensor failure. Check wiring.
20200526-143345,INFO,444,45.62,31.9,54.1,1027.27,25.1,68.5,6.8,-14.4,2.02,0.59
20200526-143425,INFO,445,45.62,31.85,54.22,1027.26,25.1,68.4,6.75,-14.18,2.04,0.61
20200526-143505,INFO,446,45.62,31.9,54.4,1027.24,25.1,68.5,6.8,-14.1,2.02,0.62
20200526-143544,INFO,447,45.62,31.88,54.32,1027.23,25.1,68.5,6.78,-14.18,2.03,0.61
20200526-143624,INFO,448,45.08,31.96,54.41,1027.26,25.1,68.4,6.86,-13.99,1.91,0.67
20200526-143704,INFO,449,45.62,31.92,53.88,1027.28,25.1,68.5,6.82,-14.62,2.01,0.56
20200526-143743,INFO,450,45.62,31.83,54.29,1027.27,25.1,68.5,6.73,-14.21,2.05,0.61
20200526-143823,INFO,451,45.62,31.96,53.38,1027.24,25.1,68.3,6.86,-14.92,1.99,0.52
20200526-143903,INFO,ERROR,Sensor failure. Check wiring.
20200526-143942,INFO,ERROR,Sensor failure. Check wiring.
20200526-144022,INFO,ERROR,Sensor failure. Check wiring.
20200526-144102,INFO,452,45.08,32.03,54.17,1027.25,25.2,68.5,6.83,-14.33,1.91,0.63
20200526-144141,INFO,ERROR,Sensor failure. Check wiring.
20200526-144221,INFO,453,45.08,32.01,54.37,1027.25,25.1,68.4,6.91,-14.03,1.89,0.66
20200526-144301,INFO,454,45.08,32.03,54.35,1027.26,25.2,68.5,6.83,-14.15,1.91,0.66
20200526-144340,INFO,455,45.62,32.01,54.16,1027.25,25.2,68.5,6.81,-14.34,2.0,0.6
20200526-144420,INFO,456,45.62,31.94,54.04,1027.26,25.2,68.6,6.74,-14.56,2.03,0.58
20200526-144500,INFO,457,45.08,31.99,54.4,1027.26,25.2,68.5,6.79,-14.1,1.93,0.66
20200526-144539,INFO,458,45.62,31.92,54.37,1027.18,25.1,68.3,6.82,-13.93,2.01,0.63
20200526-144619,INFO,459,45.08,31.87,54.65,1027.25,25.2,68.5,6.67,-13.85,1.98,0.69
20200526-144659,INFO,460,45.62,31.88,54.38,1027.25,25.2,68.5,6.68,-14.12,2.06,0.62
20200526-144738,INFO,461,45.62,31.85,54.34,1027.21,25.2,68.5,6.65,-14.16,2.07,0.62
20200526-144818,INFO,462,45.62,31.94,54.54,1027.22,25.2,68.4,6.74,-13.86,2.03,0.64
20200526-144858,INFO,463,45.62,32.01,54.33,1027.22,25.2,68.4,6.81,-14.07,2.0,0.62
20200526-144937,INFO,464,45.08,31.94,54.49,1027.22,25.2,68.6,6.74,-14.11,1.95,0.67
20200526-145017,INFO,465,45.62,31.94,54.45,1027.22,25.2,68.5,6.74,-14.05,2.03,0.63
20200526-145057,INFO,466,45.62,31.92,54.57,1027.21,25.2,68.4,6.72,-13.83,2.04,0.65
20200526-145136,INFO,467,46.16,32.1,54.2,1027.22,25.2,68.5,6.9,-14.3,2.04,0.56
20200526-145216,INFO,468,45.08,31.92,54.17,1027.19,25.2,68.5,6.72,-14.33,1.96,0.63
20200526-145256,INFO,ERROR,Sensor failure. Check wiring.
20200526-145335,INFO,469,45.62,31.98,54.26,1027.2,25.2,68.4,6.78,-14.14,2.01,0.61
20200526-145415,INFO,ERROR,Sensor failure. Check wiring.
20200526-145455,INFO,470,45.62,31.76,54.41,1027.22,25.2,68.4,6.56,-13.99,2.11,0.63
20200526-145534,INFO,471,45.62,31.76,54.89,1027.19,25.2,68.5,6.56,-13.61,2.11,0.68
20200526-145614,INFO,472,45.62,31.83,54.72,1027.18,25.2,68.4,6.63,-13.68,2.08,0.67
20200526-145654,INFO,473,45.08,31.87,54.53,1027.15,25.2,68.6,6.67,-14.07,1.98,0.67
20200526-145733,INFO,474,45.08,31.99,54.93,1027.2,25.2,68.7,6.79,-13.77,1.93,0.72
20200526-145813,INFO,475,45.08,32.03,54.63,1027.17,25.2,68.9,6.83,-14.27,1.91,0.67
20200526-145853,INFO,476,46.16,32.07,56.04,1027.16,25.2,69.2,6.87,-13.16,2.05,0.75
20200526-145932,INFO,477,45.62,32.14,54.71,1027.18,25.2,69.5,6.94,-14.79,1.94,0.61
20200526-150012,INFO,478,46.16,32.05,54.41,1027.17,25.2,69.8,6.85,-15.39,2.06,0.54
20200526-150052,INFO,479,45.62,32.07,54.78,1027.18,25.1,69.9,6.97,-15.12,1.94,0.61
20200526-150131,INFO,480,46.16,31.99,55.45,1027.13,25.2,70.3,6.79,-14.85,2.09,0.63
20200526-150211,INFO,481,45.62,32.17,54.64,1027.13,25.1,70.3,7.07,-15.66,1.9,0.58
20200526-150251,INFO,482,45.08,32.19,54.62,1027.16,25.1,70.2,7.09,-15.58,1.82,0.61
20200526-150330,INFO,483,46.16,32.39,54.46,1027.15,25.1,70.4,7.29,-15.94,1.89,0.52
20200526-150410,INFO,484,45.62,32.37,54.4,1027.13,25.1,70.5,7.27,-16.1,1.82,0.55
20200526-150450,INFO,485,45.62,32.36,54.98,1027.14,25.1,70.7,7.26,-15.72,1.83,0.6
20200526-150529,INFO,486,46.16,32.37,54.65,1027.12,25.1,70.9,7.27,-16.25,1.9,0.52
20200526-150609,INFO,487,45.08,32.41,54.56,1027.14,25.1,70.8,7.31,-16.24,1.73,0.58
20200526-150649,INFO,488,45.08,32.36,54.76,1027.09,25.1,70.8,7.26,-16.04,1.75,0.6
20200526-150728,INFO,489,45.62,32.28,54.94,1027.13,25.1,70.7,7.18,-15.76,1.86,0.59
20200526-150808,INFO,490,45.62,32.28,54.69,1027.14,25.1,70.8,7.18,-16.11,1.86,0.56
20200526-150848,INFO,491,45.62,32.23,54.59,1027.09,25.1,70.7,7.13,-16.11,1.88,0.56
20200526-150927,INFO,492,45.62,32.36,54.38,1027.09,25.1,70.7,7.26,-16.32,1.83,0.54
20200526-151007,INFO,493,45.62,32.3,54.48,1027.11,25.1,70.7,7.2,-16.22,1.85,0.55
20200526-151046,INFO,494,45.62,32.27,54.73,1027.06,25.1,70.8,7.17,-16.07,1.86,0.57
20200526-151126,INFO,495,45.62,32.21,54.45,1027.06,25.1,70.8,7.11,-16.35,1.89,0.54
20200526-151206,INFO,496,45.62,32.36,54.52,1027.05,25.1,70.6,7.26,-16.08,1.83,0.55
20200526-151245,INFO,497,46.16,32.36,54.36,1027.04,25.1,70.7,7.26,-16.34,1.9,0.5
20200526-151325,INFO,498,46.16,32.32,54.55,1027.05,25.1,70.8,7.22,-16.25,1.92,0.52
20200526-151405,INFO,499,45.08,32.39,54.7,1027.03,25.1,70.8,7.29,-16.1,1.74,0.6
20200526-151444,INFO,ERROR,Sensor failure. Check wiring.
20200526-151524,INFO,500,45.62,32.36,54.74,1027.01,25.1,70.8,7.26,-16.06,1.83,0.57
20200526-151604,INFO,ERROR,Sensor failure. Check wiring.
20200526-151643,INFO,ERROR,Sensor failure. Check wiring.
20200526-151723,INFO,501,45.62,32.3,54.69,1027.0,25.1,70.7,7.2,-16.01,1.85,0.57
20200526-151803,INFO,502,45.62,32.23,55.0,1026.98,25.1,70.6,7.13,-15.6,1.88,0.6
20200526-151842,INFO,503,45.62,32.27,54.57,1027.01,25.1,70.8,7.17,-16.23,1.86,0.55
20200526-151922,INFO,504,46.16,32.3,54.64,1027.02,25.1,70.9,7.2,-16.26,1.93,0.52
20200526-152002,INFO,505,45.08,32.37,54.74,1027.01,25.1,70.9,7.27,-16.16,1.75,0.6
20200526-152041,INFO,506,46.16,32.28,54.74,1026.96,25.1,70.8,7.18,-16.06,1.93,0.53
20200526-152121,INFO,507,45.62,32.32,54.99,1026.93,25.1,70.8,7.22,-15.81,1.84,0.59
20200526-152201,INFO,508,45.08,32.3,54.59,1027.01,25.1,70.7,7.2,-16.11,1.78,0.59
20200526-152240,INFO,509,45.62,32.28,54.47,1026.98,25.1,70.7,7.18,-16.23,1.86,0.55
20200526-152320,INFO,510,45.62,32.37,54.69,1027.01,25.1,70.7,7.27,-16.01,1.82,0.57
20200526-152400,INFO,511,45.62,32.27,54.72,1026.96,25.1,70.7,7.17,-15.98,1.86,0.57
20200526-152439,INFO,512,45.62,32.23,54.5,1026.99,25.1,70.5,7.13,-16.0,1.88,0.56
20200526-152519,INFO,513,45.62,32.21,54.78,1026.99,25.1,70.6,7.11,-15.82,1.89,0.58
20200526-152559,INFO,514,46.16,32.32,54.7,1027.01,25.1,70.5,7.22,-15.8,1.92,0.54
20200526-152638,INFO,515,46.16,32.21,54.04,1027.0,25.1,70.7,7.11,-16.66,1.96,0.47
20200526-152718,INFO,516,45.08,31.96,55.19,1026.97,25.1,70.6,6.86,-15.41,1.91,0.66
20200526-152758,INFO,517,45.08,32.16,54.21,1026.98,25.1,70.7,7.06,-16.49,1.83,0.55
20200526-152837,INFO,ERROR,Sensor failure. Check wiring.
20200526-152917,INFO,518,45.62,32.23,54.66,1026.99,25.1,70.7,7.13,-16.04,1.88,0.56
20200526-152957,INFO,519,46.16,32.16,54.95,1026.97,25.1,70.8,7.06,-15.85,1.98,0.55
20200526-153036,INFO,520,45.08,32.16,55.36,1026.97,25.1,70.9,7.06,-15.54,1.83,0.66
20200526-153116,INFO,521,45.62,32.19,55.06,1026.94,25.1,70.6,7.09,-15.54,1.89,0.61
20200526-153156,INFO,522,45.62,32.28,54.86,1026.93,25.1,70.8,7.18,-15.94,1.86,0.58
20200526-153235,INFO,523,45.62,32.3,54.84,1026.93,25.1,70.7,7.2,-15.86,1.85,0.58
20200526-153315,INFO,ERROR,Sensor failure. Check wiring.
20200526-153355,INFO,524,45.62,32.08,54.99,1026.9,25.0,70.7,7.08,-15.71,1.91,0.6
20200526-153434,INFO,525,45.62,32.01,55.13,1026.91,25.0,70.7,7.01,-15.57,1.94,0.61
20200526-153514,INFO,526,45.08,32.01,55.2,1026.88,25.0,70.6,7.01,-15.4,1.86,0.66
20200526-153554,INFO,527,46.16,31.94,55.15,1026.91,25.0,70.7,6.94,-15.55,2.05,0.58
20200526-153633,INFO,528,45.62,32.03,54.93,1026.89,25.0,70.7,7.03,-15.77,1.93,0.59
20200526-153713,INFO,529,45.62,31.96,54.95,1026.9,25.0,70.6,6.96,-15.65,1.96,0.6
20200526-153753,INFO,530,45.08,32.16,54.69,1026.9,25.0,70.7,7.16,-16.01,1.8,0.6
20200526-153832,INFO,531,45.62,32.08,54.68,1026.9,25.0,70.6,7.08,-15.92,1.91,0.57
20200526-153912,INFO,532,45.08,32.12,55.15,1026.92,25.0,70.7,7.12,-15.55,1.82,0.65
20200526-153952,INFO,533,46.16,31.9,55.0,1026.85,25.0,70.7,6.9,-15.7,2.07,0.56
20200526-154031,INFO,534,45.62,31.96,54.88,1026.87,25.0,70.6,6.96,-15.72,1.96,0.59
20200526-154111,INFO,535,45.08,32.01,54.9,1026.88,25.0,70.6,7.01,-15.7,1.86,0.63
20200526-154151,INFO,536,45.08,32.01,54.93,1026.84,25.0,70.6,7.01,-15.67,1.86,0.63
20200526-154230,INFO,ERROR,Sensor failure. Check wiring.
20200526-154310,INFO,537,45.08,31.92,55.03,1026.9,25.0,70.5,6.92,-15.47,1.9,0.64
20200526-154350,INFO,538,46.16,32.03,54.12,1026.87,24.9,70.5,7.13,-16.38,1.98,0.49
20200526-154429,INFO,539,45.08,32.08,54.74,1026.88,24.9,70.5,7.18,-15.76,1.81,0.61
20200526-154509,INFO,540,46.16,32.03,54.9,1026.84,24.9,70.5,7.13,-15.6,1.98,0.56
20200526-154549,INFO,541,45.62,31.88,54.84,1026.84,24.9,70.5,6.98,-15.66,1.97,0.59
20200526-154628,INFO,542,45.62,31.99,54.89,1026.86,24.9,70.5,7.09,-15.61,1.92,0.59
20200526-154708,INFO,543,45.62,32.05,54.84,1026.86,24.9,70.5,7.15,-15.66,1.9,0.59
20200526-154748,INFO,544,45.08,31.98,54.87,1026.87,25.0,70.6,6.98,-15.73,1.88,0.62
20200526-154827,INFO,ERROR,Sensor failure. Check wiring.
20200526-154907,INFO,545,45.08,32.08,54.66,1026.8,25.0,70.5,7.08,-15.84,1.84,0.6
20200526-154947,INFO,546,45.08,32.07,54.66,1026.86,24.9,70.5,7.17,-15.84,1.81,0.6
20200526-155026,INFO,547,45.08,32.01,54.65,1026.83,25.0,70.4,7.01,-15.75,1.86,0.61
20200526-155106,INFO,548,45.62,32.07,54.92,1026.78,24.9,70.4,7.17,-15.48,1.89,0.6
20200526-155146,INFO,549,45.08,32.1,54.5,1026.79,25.0,70.5,7.1,-16.0,1.83,0.59
20200526-155225,INFO,550,45.62,32.1,55.16,1026.79,24.9,70.4,7.2,-15.24,1.88,0.63
20200526-155305,INFO,551,45.62,32.03,54.54,1026.77,24.9,70.4,7.13,-15.86,1.91,0.56
20200526-155345,INFO,552,45.62,32.1,54.27,1026.77,25.0,70.4,7.1,-16.13,1.9,0.54
20200526-155424,INFO,553,45.08,32.14,54.9,1026.81,25.0,70.4,7.14,-15.5,1.81,0.63
20200526-155504,INFO,554,45.62,32.14,54.19,1026.8,25.0,70.4,7.14,-16.21,1.89,0.53
20200526-155544,INFO,555,46.16,32.1,54.32,1026.72,25.0,70.4,7.1,-16.08,1.98,0.51
20200526-155623,INFO,556,45.62,32.12,54.04,1026.73,25.0,70.3,7.12,-16.26,1.9,0.52
20200526-155703,INFO,557,45.08,32.08,53.0,1026.75,25.0,70.3,7.08,-17.3,1.84,0.46
20200526-155743,INFO,558,45.62,32.08,55.18,1026.8,25.0,70.3,7.08,-15.12,1.91,0.63
20200526-155822,INFO,ERROR,Sensor failure. Check wiring.
20200526-155902,INFO,559,45.08,32.03,54.67,1026.71,25.0,70.3,7.03,-15.63,1.86,0.61
20200526-155942,INFO,560,45.62,32.12,54.66,1026.69,25.0,70.2,7.12,-15.54,1.9,0.58
20200526-160021,INFO,ERROR,Sensor failure. Check wiring.
20200526-160101,INFO,ERROR,Sensor failure. Check wiring.
20200526-160140,INFO,561,46.16,32.1,53.88,1026.75,25.0,70.2,7.1,-16.32,1.98,0.47
20200526-160220,INFO,562,45.62,32.08,54.6,1026.72,25.0,70.2,7.08,-15.6,1.91,0.58
20200526-160300,INFO,563,45.62,32.21,54.52,1026.67,25.0,70.2,7.21,-15.68,1.86,0.57
20200526-160339,INFO,564,45.08,31.98,54.5,1026.73,25.0,70.2,6.98,-15.7,1.88,0.6
20200526-160419,INFO,565,45.62,32.03,54.55,1026.71,25.0,70.1,7.03,-15.55,1.93,0.57
20200526-160459,INFO,566,45.62,32.19,54.18,1026.69,25.0,70.1,7.19,-15.92,1.87,0.54
20200526-160538,INFO,ERROR,Sensor failure. Check wiring.
20200526-160618,INFO,567,45.08,32.03,54.34,1026.69,25.0,70.0,7.03,-15.66,1.86,0.59
20200526-160658,INFO,568,45.62,32.1,54.55,1026.66,12.5,3311.8,19.6,-3257.25,0.69,0.0
20200526-160737,INFO,569,45.62,32.21,54.07,1026.69,25.0,70.0,7.21,-15.93,1.86,0.53
20200526-160817,INFO,570,45.08,32.14,54.38,1026.65,25.0,69.9,7.14,-15.52,1.81,0.6
20200526-160857,INFO,571,45.08,32.12,54.24,1026.68,25.0,70.0,7.12,-15.76,1.82,0.58
20200526-160936,INFO,572,45.08,32.12,54.05,1026.67,25.0,69.9,7.12,-15.85,1.82,0.57
20200526-161016,INFO,ERROR,Sensor failure. Check wiring.
20200526-161056,INFO,573,45.08,32.12,54.92,1026.68,25.0,69.9,7.12,-14.98,1.82,0.66
20200526-161135,INFO,574,45.62,32.14,54.37,1026.63,25.0,69.9,7.14,-15.53,1.89,0.56
20200526-161215,INFO,ERROR,Sensor failure. Check wiring.
20200526-161255,INFO,575,45.62,32.05,54.08,1026.62,25.0,69.9,7.05,-15.82,1.92,0.53
20200526-161334,INFO,576,45.08,32.17,53.54,1026.69,25.0,69.8,7.17,-16.26,1.8,0.52
20200526-161414,INFO,577,45.62,32.32,54.23,1026.64,25.0,69.8,7.32,-15.57,1.82,0.55
20200526-161454,INFO,578,45.62,32.16,54.35,1026.65,25.0,69.7,7.16,-15.35,1.88,0.57
20200526-161533,INFO,ERROR,Sensor failure. Check wiring.
20200526-161613,INFO,ERROR,Sensor failure. Check wiring.
20200526-161653,INFO,579,45.08,32.1,54.23,1026.66,25.0,69.8,7.1,-15.57,1.83,0.59
20200526-161732,INFO,ERROR,Sensor failure. Check wiring.
20200526-161812,INFO,580,45.62,32.16,54.27,1026.66,25.0,69.7,7.16,-15.43,1.88,0.56
20200526-161852,INFO,ERROR,Sensor failure. Check wiring.
20200526-161931,INFO,581,45.62,32.03,55.09,1026.68,25.0,69.9,7.03,-14.81,1.93,0.64
20200526-162011,INFO,582,45.62,31.87,54.99,1026.73,25.0,69.8,6.87,-14.81,2.0,0.63
20200526-162051,INFO,583,45.62,31.96,54.7,1026.72,25.0,69.8,6.96,-15.1,1.96,0.6
20200526-162130,INFO,584,45.08,31.94,55.18,1026.71,25.0,69.7,6.94,-14.52,1.89,0.7
20200526-162210,INFO,585,45.08,31.96,54.86,1026.71,25.0,69.6,6.96,-14.74,1.89,0.66
20200526-162250,INFO,586,45.62,32.07,54.65,1026.66,25.0,69.7,7.07,-15.05,1.92,0.6
20200526-162329,INFO,587,45.62,31.88,54.61,1026.69,25.0,69.7,6.88,-15.09,2.0,0.6
20200526-162409,INFO,588,45.62,31.87,55.14,1026.68,25.0,69.8,6.87,-14.66,2.0,0.65
20200526-162449,INFO,589,45.62,31.88,54.91,1026.62,25.0,69.8,6.88,-14.89,2.0,0.62
20200526-162528,INFO,590,46.16,32.05,54.79,1026.65,25.0,69.8,7.05,-15.01,2.0,0.57
20200526-162608,INFO,591,45.62,32.07,54.63,1026.6,25.0,69.9,7.07,-15.27,1.92,0.59
20200526-162648,INFO,592,45.08,32.03,54.52,1026.64,25.0,69.9,7.03,-15.38,1.86,0.61
20200526-162727,INFO,593,45.62,32.03,54.22,1026.63,25.0,70.0,7.03,-15.78,1.93,0.54
20200526-162807,INFO,594,44.55,32.16,54.46,1026.55,25.0,70.0,7.16,-15.54,1.73,0.64
20200526-162847,INFO,ERROR,Sensor failure. Check wiring.
20200526-162926,INFO,595,45.62,32.01,54.3,1026.58,25.0,70.0,7.01,-15.7,1.94,0.55
20200526-163006,INFO,596,45.08,31.96,54.35,1026.54,25.0,69.9,6.96,-15.55,1.89,0.6
20200526-163046,INFO,597,45.08,32.07,55.23,1026.63,24.9,69.8,7.17,-14.57,1.81,0.7
20200526-163125,INFO,598,45.08,32.12,54.48,1026.61,25.0,69.9,7.12,-15.42,1.82,0.61
20200526-163205,INFO,599,46.16,32.05,54.49,1026.59,24.9,69.9,7.15,-15.41,1.97,0.54
20200526-163245,INFO,600,45.62,31.92,54.72,1026.57,24.9,69.9,7.02,-15.18,1.95,0.6
20200526-163324,INFO,601,45.08,31.94,54.65,1026.57,24.9,69.9,7.04,-15.25,1.87,0.63
20200526-163404,INFO,602,45.08,31.85,54.32,1026.57,24.9,69.8,6.95,-15.48,1.9,0.6
20200526-163444,INFO,603,45.08,31.94,54.78,1026.57,24.9,69.8,7.04,-15.02,1.87,0.65
20200526-163523,INFO,604,45.62,31.85,54.99,1026.56,24.9,69.8,6.95,-14.81,1.98,0.63
20200526-163603,INFO,605,45.08,31.92,54.94,1026.54,24.9,69.7,7.02,-14.76,1.87,0.67
20200526-163643,INFO,606,45.62,31.87,54.43,1026.48,24.9,69.8,6.97,-15.37,1.97,0.57
20200526-163722,INFO,607,45.62,31.96,54.48,1026.49,24.9,69.9,7.06,-15.42,1.93,0.57
20200526-163802,INFO,608,45.08,32.08,54.64,1026.49,24.9,69.9,7.18,-15.26,1.81,0.63
20200526-163842,INFO,609,45.08,32.05,54.66,1026.53,24.9,69.9,7.15,-15.24,1.82,0.63
20200526-163921,INFO,610,45.08,31.94,54.22,1026.44,25.0,69.9,6.94,-15.68,1.89,0.58
20200526-164001,INFO,611,45.08,32.16,54.35,1026.49,24.9,69.7,7.26,-15.35,1.78,0.6
20200526-164041,INFO,612,45.62,32.1,54.26,1026.45,24.9,69.8,7.2,-15.54,1.88,0.56
20200526-164120,INFO,613,45.62,32.08,54.4,1026.51,24.9,69.9,7.18,-15.5,1.89,0.57
20200526-164200,INFO,614,45.62,32.05,54.21,1026.5,24.9,69.7,7.15,-15.49,1.9,0.55
20200526-164240,INFO,ERROR,Sensor failure. Check wiring.
20200526-164319,INFO,615,45.08,31.99,52.9,1026.5,24.9,69.7,7.09,-16.8,1.85,0.47
20200526-164359,INFO,616,45.08,32.01,54.22,1026.49,24.9,69.7,7.11,-15.48,1.84,0.59
20200526-164439,INFO,617,45.08,31.98,53.61,1026.46,24.9,69.6,7.08,-15.99,1.85,0.53
20200526-164518,INFO,618,45.62,32.05,54.5,1026.45,25.0,69.7,7.05,-15.2,1.92,0.58
20200526-164558,INFO,619,45.08,32.01,54.4,1026.46,24.9,69.7,7.11,-15.3,1.84,0.61
20200526-164638,INFO,620,45.08,31.99,54.32,1026.43,24.9,69.7,7.09,-15.38,1.85,0.6
20200526-164717,INFO,621,45.08,32.1,54.54,1026.52,24.9,69.6,7.2,-15.06,1.8,0.63
20200526-164757,INFO,622,45.62,32.01,54.26,1026.51,24.9,69.6,7.11,-15.34,1.91,0.56
20200526-164837,INFO,623,45.62,32.05,54.23,1026.5,24.9,69.7,7.15,-15.47,1.9,0.56
20200526-164916,INFO,624,45.08,32.03,53.94,1026.48,24.9,69.7,7.13,-15.76,1.83,0.56
20200526-164956,INFO,625,45.62,31.99,54.33,1026.49,24.9,69.7,7.09,-15.37,1.92,0.57
20200526-165035,INFO,626,45.62,32.01,54.12,1026.46,24.9,69.5,7.11,-15.38,1.91,0.55
20200526-165115,INFO,627,45.08,31.99,54.38,1026.45,24.9,69.6,7.09,-15.22,1.85,0.61
20200526-165155,INFO,628,45.62,31.96,54.33,1026.46,24.9,69.6,7.06,-15.27,1.93,0.57
20200526-165234,INFO,629,46.16,31.98,54.15,1026.44,24.9,69.6,7.08,-15.45,2.0,0.52
20200526-165314,INFO,630,45.62,31.94,54.42,1026.43,24.9,69.6,7.04,-15.18,1.94,0.58
20200526-165354,INFO,631,46.16,31.99,54.05,1026.4,24.9,69.7,7.09,-15.65,2.0,0.5
20200526-165433,INFO,632,45.62,31.98,53.18,1026.39,24.9,70.0,7.08,-16.82,1.93,0.45
20200526-165513,INFO,633,45.08,32.08,54.51,1026.4,24.9,70.0,7.18,-15.49,1.81,0.61
20200526-165553,INFO,634,45.62,31.96,54.41,1026.38,24.9,70.2,7.06,-15.79,1.93,0.56
20200526-165632,INFO,635,45.62,32.01,54.31,1026.35,24.9,70.2,7.11,-15.89,1.91,0.55
20200526-165712,INFO,636,45.08,31.83,54.56,1026.41,24.9,70.2,6.93,-15.64,1.91,0.61
20200526-165752,INFO,637,45.62,31.76,55.5,1026.41,24.9,70.3,6.86,-14.8,2.02,0.67
20200526-165831,INFO,638,45.62,31.87,54.86,1026.36,24.9,70.4,6.97,-15.54,1.97,0.59
20200526-165911,INFO,639,45.08,31.76,55.07,1026.4,24.9,70.7,6.86,-15.63,1.94,0.64
20200526-165951,INFO,640,45.08,31.65,55.28,1026.36,24.9,70.6,6.75,-15.32,1.99,0.67
20200526-170030,INFO,641,45.08,31.81,55.46,1026.37,24.9,70.8,6.91,-15.34,1.92,0.68
20200526-170110,INFO,642,45.62,31.78,55.51,1026.38,24.9,70.8,6.88,-15.29,2.01,0.65
20200526-170150,INFO,643,46.16,31.63,55.53,1026.39,24.9,70.9,6.73,-15.37,2.16,0.61
20200526-170229,INFO,644,45.62,31.67,55.79,1026.35,24.9,71.0,6.77,-15.21,2.06,0.67
20200526-170309,INFO,645,45.62,31.79,55.4,1026.34,24.9,71.0,6.89,-15.6,2.01,0.63
20200526-170349,INFO,646,45.08,31.88,55.08,1026.35,24.9,71.1,6.98,-16.02,1.89,0.62
20200526-170428,INFO,647,46.16,31.9,55.12,1026.35,24.9,71.0,7.0,-15.88,2.04,0.56
20200526-170508,INFO,ERROR,Sensor failure. Check wiring.
20200526-170548,INFO,648,45.62,31.92,55.15,1026.39,24.9,71.0,7.02,-15.85,1.95,0.6
20200526-170627,INFO,649,45.08,31.92,55.09,1026.35,24.9,71.1,7.02,-16.01,1.87,0.63
20200526-170707,INFO,650,45.62,31.94,55.3,1026.34,24.9,71.1,7.04,-15.8,1.94,0.61
20200526-170747,INFO,651,45.62,31.83,55.48,1026.33,24.9,71.1,6.93,-15.62,1.99,0.63
20200526-170826,INFO,652,45.08,31.78,55.2,1026.34,24.9,71.0,6.88,-15.8,1.93,0.64
20200526-170906,INFO,653,45.62,32.01,55.02,1026.3,24.9,71.1,7.11,-16.08,1.91,0.58
20200526-170946,INFO,654,45.08,31.99,54.86,1026.31,24.9,71.0,7.09,-16.14,1.85,0.61
20200526-171025,INFO,655,45.08,32.01,54.81,1026.3,24.9,71.1,7.11,-16.29,1.84,0.6
20200526-171105,INFO,656,45.08,32.01,55.21,1026.3,24.9,71.0,7.11,-15.79,1.84,0.64
20200526-171145,INFO,657,45.62,31.87,55.03,1026.28,24.9,71.1,6.97,-16.07,1.97,0.59
20200526-171224,INFO,658,45.08,31.94,54.75,1026.28,24.9,71.0,7.04,-16.25,1.87,0.6
20200526-171304,INFO,659,45.08,31.98,55.71,1026.24,24.9,70.8,7.08,-15.09,1.85,0.7
20200526-171344,INFO,660,45.08,32.03,54.88,1026.23,24.8,70.6,7.23,-15.72,1.8,0.62
20200526-171423,INFO,661,45.08,31.87,55.12,1026.24,24.9,70.7,6.97,-15.58,1.9,0.64
20200526-171503,INFO,662,45.08,31.88,55.06,1026.3,24.9,70.2,6.98,-15.14,1.89,0.66
20200526-171543,INFO,663,45.08,31.92,56.06,1026.28,24.9,70.6,7.02,-14.54,1.87,0.76
20200526-171622,INFO,664,45.08,31.88,54.85,1026.29,24.9,70.5,6.98,-15.65,1.89,0.62
20200526-171702,INFO,665,45.08,31.98,54.93,1026.26,24.9,70.5,7.08,-15.57,1.85,0.63
20200526-171742,INFO,666,45.62,31.9,55.03,1026.23,24.9,70.4,7.0,-15.37,1.96,0.61
20200526-171821,INFO,667,45.08,31.68,55.03,1026.23,24.9,70.3,6.78,-15.27,1.98,0.65
20200526-171901,INFO,668,45.62,31.81,54.84,1026.24,24.9,70.3,6.91,-15.46,2.0,0.6
20200526-171941,INFO,669,45.08,31.76,54.55,1026.25,24.9,70.2,6.86,-15.65,1.94,0.61
20200526-172020,INFO,670,45.08,31.76,53.86,1026.27,24.9,70.1,6.86,-16.24,1.94,0.54
20200526-172100,INFO,671,46.16,31.7,54.98,1026.26,24.9,70.2,6.8,-15.22,2.13,0.58
20200526-172140,INFO,672,45.08,31.78,55.26,1026.23,24.9,70.1,6.88,-14.84,1.93,0.69
20200526-172219,INFO,673,45.62,31.67,55.15,1026.21,24.9,70.1,6.77,-14.95,2.06,0.64
20200526-172259,INFO,674,45.08,31.79,55.42,1026.24,24.9,70.2,6.89,-14.78,1.93,0.7
20200526-172339,INFO,675,45.62,31.87,55.03,1026.22,24.9,70.2,6.97,-15.17,1.97,0.62
20200526-172418,INFO,ERROR,Sensor failure. Check wiring.
20200526-172458,INFO,676,45.08,31.92,55.0,1026.16,24.9,70.2,7.02,-15.2,1.87,0.65
20200526-172538,INFO,677,45.62,31.85,54.88,1026.18,24.9,70.1,6.95,-15.22,1.98,0.61
20200526-172617,INFO,678,45.08,31.83,55.02,1026.17,24.9,70.3,6.93,-15.28,1.91,0.65
20200526-172657,INFO,679,45.08,31.61,55.05,1026.18,24.9,70.2,6.71,-15.15,2.01,0.66
20200526-172737,INFO,680,45.08,31.61,55.81,1026.15,24.9,71.4,6.71,-15.59,2.01,0.69
20200526-172816,INFO,681,45.62,31.45,56.17,1026.15,24.9,70.6,6.55,-14.43,2.16,0.73
20200526-172856,INFO,682,45.08,31.52,56.16,1026.14,25.0,70.7,6.52,-14.54,2.08,0.76
20200526-172936,INFO,683,45.08,31.65,56.24,1026.12,25.0,70.6,6.65,-14.36,2.02,0.78
20200526-173015,INFO,684,46.16,31.7,55.97,1026.16,25.0,70.6,6.7,-14.63,2.16,0.67
20200526-173055,INFO,685,45.08,31.83,55.32,1026.11,25.0,70.7,6.83,-15.38,1.94,0.67
20200526-173135,INFO,686,45.62,31.94,55.56,1026.13,25.1,70.6,6.84,-15.04,2.0,0.66
20200526-173214,INFO,687,45.08,31.94,55.24,1026.04,25.1,70.8,6.84,-15.56,1.92,0.65
20200526-173254,INFO,688,45.62,32.01,55.08,1026.11,25.1,70.8,6.91,-15.72,1.97,0.6
20200526-173334,INFO,689,45.62,32.05,55.21,1026.12,25.1,70.7,6.95,-15.49,1.95,0.62
20200526-173413,INFO,690,45.08,32.07,55.28,1026.1,25.1,70.8,6.97,-15.52,1.87,0.66
20200526-173453,INFO,691,45.62,32.16,54.83,1026.11,25.2,70.8,6.96,-15.97,1.93,0.58
20200526-173532,INFO,692,46.16,32.16,55.02,1026.08,25.1,70.7,7.06,-15.68,1.98,0.57
20200526-173612,INFO,693,45.62,32.27,55.04,1026.07,25.1,70.7,7.17,-15.66,1.86,0.6
20200526-173652,INFO,694,45.62,32.17,55.2,1026.05,25.2,70.6,6.97,-15.4,1.93,0.62
20200526-173731,INFO,695,45.62,32.21,54.87,1026.07,25.2,70.6,7.01,-15.73,1.91,0.59
20200526-173811,INFO,696,46.16,32.19,54.86,1026.04,25.2,70.5,6.99,-15.64,2.0,0.56
20200526-173851,INFO,697,45.62,32.16,54.81,1026.1,25.2,70.6,6.96,-15.79,1.93,0.58
20200526-173930,INFO,698,45.08,32.3,54.55,1026.05,25.2,70.5,7.1,-15.95,1.8,0.59
20200526-174010,INFO,ERROR,Sensor failure. Check wiring.
20200526-174050,INFO,699,45.08,32.28,53.81,1026.09,25.2,70.3,7.08,-16.49,1.81,0.53
20200526-174129,INFO,700,46.16,32.37,54.68,1026.06,25.3,70.5,7.07,-15.82,1.95,0.54
20200526-174209,INFO,701,46.16,32.37,55.14,1025.97,25.3,70.4,7.07,-15.26,1.95,0.59
20200526-174249,INFO,702,46.16,32.39,54.68,1025.99,25.3,70.4,7.09,-15.72,1.94,0.54
20200526-174328,INFO,ERROR,Sensor failure. Check wiring.
20200526-174408,INFO,703,45.62,32.25,53.79,1025.91,25.3,70.3,6.95,-16.51,1.92,0.49
20200526-174448,INFO,ERROR,Sensor failure. Check wiring.
20200526-174527,INFO,704,46.16,32.16,54.89,1025.93,25.3,70.2,6.86,-15.31,2.04,0.57
20200526-174607,INFO,705,45.62,32.32,55.06,1025.94,25.3,70.2,7.02,-15.14,1.89,0.62
20200526-174647,INFO,706,46.16,32.34,55.19,1025.9,25.3,70.3,7.04,-15.11,1.96,0.6
20200526-174726,INFO,707,45.08,32.41,54.34,1025.89,25.3,70.2,7.11,-15.86,1.78,0.58
20200526-174806,INFO,708,46.16,32.28,54.67,1025.89,25.3,70.1,6.98,-15.43,1.99,0.55
20200526-174846,INFO,709,45.62,32.34,54.68,1025.92,25.3,70.1,7.04,-15.42,1.89,0.59
20200526-174925,INFO,710,45.62,32.39,54.71,1025.92,25.3,70.0,7.09,-15.29,1.87,0.59
20200526-175005,INFO,ERROR,Sensor failure. Check wiring.
20200526-175045,INFO,711,45.62,32.34,55.0,1025.98,25.4,70.1,6.94,-15.1,1.91,0.62
20200526-175124,INFO,712,45.62,32.34,54.79,1025.93,25.4,70.0,6.94,-15.21,1.91,0.6
20200526-175204,INFO,713,45.08,32.39,55.23,1025.93,12.7,3311.8,19.69,-3256.57,0.64,0.0
20200526-175244,INFO,714,46.16,32.34,55.03,1025.99,25.4,69.8,6.94,-14.77,1.99,0.6
20200526-175323,INFO,715,45.62,32.39,54.57,1025.95,25.4,70.0,6.99,-15.43,1.89,0.58
20200526-175403,INFO,716,46.16,32.43,54.65,1025.92,25.4,69.9,7.03,-15.25,1.95,0.56
20200526-175443,INFO,717,46.16,32.39,54.57,1025.96,25.4,69.9,6.99,-15.33,1.97,0.55
20200526-175522,INFO,718,45.62,32.37,53.86,1025.96,25.4,69.8,6.97,-15.94,1.9,0.52
20200526-175602,INFO,719,46.16,32.32,54.89,1025.96,25.4,69.8,6.92,-14.91,2.0,0.59
20200526-175642,INFO,ERROR,Sensor failure. Check wiring.
20200526-175721,INFO,720,46.16,32.12,55.28,1026.0,25.4,70.0,6.72,-14.72,2.09,0.62
20200526-175801,INFO,721,45.62,32.21,54.99,1025.99,25.5,69.9,6.71,-14.91,2.0,0.63
20200526-175841,INFO,722,45.62,32.36,53.95,1025.97,25.5,69.8,6.86,-15.85,1.93,0.53
20200526-175920,INFO,723,46.16,32.28,54.68,1025.99,25.5,69.7,6.78,-15.02,2.05,0.57
20200526-180000,INFO,724,46.16,32.28,54.63,1025.96,25.5,69.6,6.78,-14.97,2.05,0.57
20200526-180040,INFO,725,45.62,32.32,54.68,1025.98,25.5,69.6,6.82,-14.92,1.95,0.61
20200526-180119,INFO,726,45.08,32.25,54.92,1025.98,25.5,69.6,6.75,-14.68,1.9,0.67
20200526-180159,INFO,727,45.62,32.14,54.86,1025.96,25.5,69.6,6.64,-14.74,2.03,0.63
20200526-180239,INFO,728,46.16,32.19,54.71,1025.94,25.5,69.5,6.69,-14.79,2.09,0.58
20200526-180318,INFO,729,45.62,32.25,55.03,1025.98,25.5,69.4,6.75,-14.37,1.98,0.65
20200526-180358,INFO,730,46.16,32.23,54.69,1025.92,25.5,69.4,6.73,-14.71,2.07,0.58
20200526-180438,INFO,731,46.16,32.34,54.69,1025.92,25.5,69.4,6.84,-14.71,2.02,0.58
20200526-180517,INFO,732,46.16,32.47,54.91,1025.94,25.5,69.4,6.97,-14.49,1.96,0.6
20200526-180557,INFO,733,46.16,32.45,54.53,1025.9,25.5,69.4,6.95,-14.87,1.97,0.56
20200526-180637,INFO,734,45.62,32.54,54.4,1025.91,25.5,69.4,7.04,-15.0,1.86,0.59
20200526-180716,INFO,735,46.16,32.65,54.27,1025.89,25.5,69.4,7.15,-15.13,1.89,0.54
20200526-180756,INFO,736,46.16,32.56,54.37,1025.91,25.5,69.4,7.06,-15.03,1.93,0.55
20200526-180836,INFO,ERROR,Sensor failure. Check wiring.
20200526-180915,INFO,737,46.16,32.43,54.48,1025.9,25.5,69.4,6.93,-14.92,1.98,0.56
20200526-180955,INFO,738,45.62,32.61,55.29,1025.86,25.5,69.4,7.11,-14.11,1.83,0.69
20200526-181035,INFO,ERROR,Sensor failure. Check wiring.
20200526-181114,INFO,739,46.16,32.66,53.82,1025.87,25.5,69.3,7.16,-15.48,1.89,0.49
20200526-181154,INFO,740,46.16,32.74,53.49,1025.88,25.5,69.2,7.24,-15.71,1.85,0.47
20200526-181234,INFO,ERROR,Sensor failure. Check wiring.
20200526-181313,INFO,741,46.16,32.76,53.99,1025.86,25.5,69.2,7.26,-15.21,1.85,0.51
20200526-181353,INFO,742,46.16,32.5,54.4,1025.89,25.6,69.3,6.9,-14.9,1.98,0.55
20200526-181433,INFO,743,45.62,32.52,54.51,1025.87,25.6,69.3,6.92,-14.79,1.89,0.6
20200526-181512,INFO,744,45.62,32.57,54.23,1025.85,25.6,69.2,6.97,-14.97,1.87,0.58
20200526-181552,INFO,745,46.16,32.61,54.36,1025.83,25.6,69.3,7.01,-14.94,1.93,0.55
20200526-181632,INFO,746,45.08,32.34,54.45,1025.86,25.6,69.2,6.74,-14.75,1.89,0.64
20200526-181711,INFO,747,46.16,32.45,54.21,1025.87,25.6,69.2,6.85,-14.99,2.0,0.54
20200526-181751,INFO,748,46.16,32.48,54.28,1025.85,25.6,69.3,6.88,-15.02,1.99,0.54
20200526-181831,INFO,749,46.16,32.59,54.38,1025.81,25.6,69.2,6.99,-14.82,1.94,0.55
20200526-181910,INFO,750,46.16,32.57,54.18,1025.82,25.6,69.2,6.97,-15.02,1.95,0.53
20200526-181950,INFO,751,46.16,32.63,53.91,1025.83,25.6,69.2,7.03,-15.29,1.92,0.51
20200526-182030,INFO,752,46.16,32.65,54.34,1025.84,25.6,69.2,7.05,-14.86,1.92,0.55
20200526-182109,INFO,753,46.16,32.39,53.97,1025.82,25.6,69.2,6.79,-15.23,2.03,0.51
20200526-182149,INFO,754,45.62,32.5,54.38,1025.83,25.6,69.1,6.9,-14.72,1.9,0.6
20200526-182229,INFO,755,46.16,32.39,54.52,1025.83,25.6,69.1,6.79,-14.58,2.03,0.57
20200526-182308,INFO,756,46.16,32.41,55.59,1025.81,25.6,69.2,6.81,-13.61,2.02,0.69
20200526-182348,INFO,757,46.16,32.47,54.49,1025.81,25.6,69.1,6.87,-14.61,1.99,0.57
20200526-182427,INFO,758,46.16,32.56,54.65,1025.79,25.6,69.1,6.96,-14.45,1.95,0.59
20200526-182507,INFO,759,45.62,32.5,54.64,1025.77,25.6,69.0,6.9,-14.36,1.9,0.63
20200526-182547,INFO,760,46.16,32.59,54.51,1025.75,25.6,69.0,6.99,-14.49,1.94,0.58
20200526-182626,INFO,761,46.16,32.66,54.55,1025.78,25.6,69.1,7.06,-14.55,1.91,0.58
20200526-182706,INFO,ERROR,Sensor failure. Check wiring.
20200526-182746,INFO,762,46.16,32.41,54.48,1025.79,25.6,69.0,6.81,-14.52,2.02,0.57
20200526-182825,INFO,763,45.08,32.5,54.58,1025.73,25.7,69.1,6.8,-14.52,1.85,0.65
20200526-182905,INFO,ERROR,Sensor failure. Check wiring.
20200526-182945,INFO,764,46.16,32.72,54.92,1025.72,25.7,69.1,7.02,-14.18,1.91,0.62
20200526-183024,INFO,765,46.16,32.74,53.8,1025.74,25.7,69.0,7.04,-15.2,1.91,0.5
20200526-183104,INFO,766,45.62,32.74,54.01,1025.73,25.7,68.9,7.04,-14.89,1.83,0.56
20200526-183144,INFO,767,46.16,32.52,53.84,1025.71,25.7,69.0,6.82,-15.16,2.0,0.51
20200526-183223,INFO,768,46.7,32.54,54.38,1025.72,25.7,69.0,6.84,-14.62,2.07,0.53
20200526-183303,INFO,769,45.62,32.59,54.55,1025.75,25.7,69.0,6.89,-14.45,1.89,0.62
20200526-183343,INFO,770,46.16,32.63,54.18,1025.74,25.7,69.1,6.93,-14.92,1.95,0.54
20200526-183422,INFO,771,46.16,32.63,55.06,1025.74,25.7,69.1,6.93,-14.04,1.95,0.63
20200526-183502,INFO,772,45.62,32.66,54.31,1025.73,25.7,69.1,6.96,-14.79,1.86,0.59
20200526-183542,INFO,773,46.16,32.66,54.34,1025.75,25.7,69.0,6.96,-14.66,1.94,0.56
20200526-183621,INFO,774,46.16,32.74,54.25,1025.75,25.7,69.0,7.04,-14.75,1.91,0.55
20200526-183701,INFO,775,46.16,32.5,54.32,1025.72,25.7,69.0,6.8,-14.68,2.01,0.56
20200526-183741,INFO,776,46.16,32.66,54.27,1025.73,25.7,69.0,6.96,-14.73,1.94,0.55
20200526-183820,INFO,ERROR,Sensor failure. Check wiring.
20200526-183900,INFO,777,45.62,32.47,54.35,1025.71,25.7,68.9,6.77,-14.55,1.94,0.6
20200526-183940,INFO,778,45.62,32.52,54.33,1025.68,25.7,68.9,6.82,-14.57,1.92,0.6
20200526-184019,INFO,779,46.16,32.59,54.67,1025.67,25.7,68.9,6.89,-14.23,1.97,0.6
20200526-184059,INFO,780,46.16,32.65,54.43,1025.67,25.7,69.0,6.95,-14.57,1.94,0.57
20200526-184139,INFO,781,46.16,32.83,54.1,1025.67,25.7,68.9,7.13,-14.8,1.87,0.54
20200526-184218,INFO,782,45.62,32.81,54.02,1025.65,25.7,68.9,7.11,-14.88,1.8,0.56
20200526-184258,INFO,783,46.16,32.7,52.02,1025.67,25.7,68.9,7.0,-16.88,1.92,0.35
20200526-184338,INFO,784,45.62,32.85,53.88,1025.71,25.7,68.9,7.15,-15.02,1.79,0.55
20200526-184417,INFO,785,46.7,32.54,53.84,1025.68,25.7,68.9,6.84,-15.06,2.07,0.47
20200526-184457,INFO,786,46.16,32.7,54.12,1025.67,25.7,68.9,7.0,-14.78,1.92,0.54
20200526-184537,INFO,787,46.16,32.65,54.64,1025.71,25.7,68.9,6.95,-14.26,1.94,0.59
20200526-184616,INFO,788,46.16,32.81,54.16,1025.68,25.7,68.8,7.11,-14.64,1.88,0.55
20200526-184656,INFO,789,46.16,32.66,54.17,1025.7,25.7,68.8,6.96,-14.63,1.94,0.55
20200526-184736,INFO,790,46.16,32.76,54.07,1025.73,25.7,68.8,7.06,-14.73,1.9,0.54
20200526-184815,INFO,ERROR,Sensor failure. Check wiring.
20200526-184855,INFO,791,46.16,32.9,53.97,1025.74,25.7,68.9,7.2,-14.93,1.84,0.52
20200526-184935,INFO,792,46.16,32.83,53.83,1025.72,25.8,68.9,7.03,-15.07,1.9,0.51
20200526-185014,INFO,793,45.62,32.83,53.99,1025.65,25.8,68.9,7.03,-14.91,1.82,0.56
20200526-185054,INFO,794,46.16,32.99,53.66,1025.75,25.8,68.9,7.19,-15.24,1.83,0.49
20200526-185134,INFO,795,46.16,32.92,53.61,1025.72,25.8,68.9,7.12,-15.29,1.86,0.49
20200526-185213,INFO,ERROR,Sensor failure. Check wiring.
20200526-185253,INFO,ERROR,Sensor failure. Check wiring.
20200526-185333,INFO,796,45.62,32.92,53.49,1025.7,25.8,68.9,7.12,-15.41,1.78,0.51
20200526-185412,INFO,797,46.16,32.83,53.91,1025.67,25.8,68.9,7.03,-14.99,1.9,0.52
20200526-185452,INFO,798,46.16,32.79,53.92,1025.64,25.8,69.0,6.99,-15.08,1.91,0.51
20200526-185532,INFO,799,46.16,32.92,54.0,1025.67,25.8,68.9,7.12,-14.9,1.86,0.53
20200526-185611,INFO,800,46.16,32.88,53.83,1025.7,25.8,68.9,7.08,-15.07,1.88,0.51
20200526-185651,INFO,801,46.16,32.9,53.49,1025.68,25.8,68.9,7.1,-15.41,1.87,0.48
20200526-185731,INFO,802,46.16,32.77,54.22,1025.66,25.8,68.8,6.97,-14.58,1.92,0.55
20200526-185810,INFO,803,45.62,32.7,53.98,1025.68,25.8,68.9,6.9,-14.92,1.87,0.56
20200526-185850,INFO,804,46.16,32.72,53.86,1025.64,25.8,68.9,6.92,-15.04,1.94,0.51
20200526-185930,INFO,805,46.16,32.74,54.17,1025.65,25.8,68.9,6.94,-14.73,1.93,0.54
20200526-190009,INFO,806,46.16,32.81,53.89,1025.67,25.8,68.8,7.01,-14.91,1.9,0.52
20200526-190049,INFO,807,46.7,32.86,54.04,1025.71,25.8,68.8,7.06,-14.76,1.96,0.5
20200526-190129,INFO,808,46.16,32.81,53.99,1025.65,25.8,68.8,7.01,-14.81,1.9,0.53
20200526-190208,INFO,809,45.62,32.76,53.61,1025.64,25.8,68.8,6.96,-15.19,1.85,0.53
20200526-190248,INFO,810,46.7,32.76,54.18,1025.63,25.8,68.8,6.96,-14.62,2.0,0.51
20200526-190328,INFO,811,46.16,32.56,54.4,1025.65,25.8,68.8,6.76,-14.4,2.01,0.57
20200526-190407,INFO,812,46.16,32.5,54.61,1025.64,25.8,68.8,6.7,-14.19,2.04,0.6
20200526-190447,INFO,ERROR,Sensor failure. Check wiring.
20200526-190527,INFO,813,46.16,32.72,54.13,1025.68,25.8,68.8,6.92,-14.67,1.94,0.54
20200526-190606,INFO,814,46.16,32.59,54.45,1025.61,25.8,68.8,6.79,-14.35,2.0,0.58
20200526-190646,INFO,815,46.16,32.72,54.24,1025.64,25.8,69.1,6.92,-14.86,1.94,0.54
20200526-190726,INFO,816,46.16,32.63,54.44,1025.67,25.8,69.1,6.83,-14.66,1.98,0.56
20200526-190805,INFO,817,46.16,32.79,54.23,1025.67,25.8,68.9,6.99,-14.67,1.91,0.55
20200526-190845,INFO,818,46.16,32.68,54.67,1025.71,25.7,68.9,6.98,-14.23,1.93,0.6
20200526-190925,INFO,819,46.16,32.52,54.53,1025.66,25.8,69.0,6.72,-14.47,2.03,0.58
20200526-191004,INFO,820,46.16,32.48,53.84,1025.64,25.7,69.1,6.78,-15.26,2.02,0.5
20200526-191044,INFO,821,46.16,32.54,54.59,1025.61,25.7,69.2,6.84,-14.61,1.99,0.58
20200526-191123,INFO,822,46.16,32.56,54.69,1025.64,25.7,69.2,6.86,-14.51,1.98,0.59
20200526-191203,INFO,823,46.16,32.7,54.29,1025.65,25.7,69.2,7.0,-14.91,1.92,0.55
20200526-191243,INFO,824,46.16,32.48,54.56,1025.64,25.7,69.2,6.78,-14.64,2.02,0.57
20200526-191322,INFO,825,46.16,32.17,54.49,1025.66,25.7,69.3,6.47,-14.81,2.16,0.56
20200526-191402,INFO,826,46.16,32.14,55.03,1025.64,25.7,69.2,6.44,-14.17,2.18,0.63
20200526-191442,INFO,827,46.16,32.01,55.46,1025.69,25.7,69.2,6.31,-13.74,2.24,0.68
20200526-191521,INFO,828,46.16,32.01,55.33,1025.68,25.7,69.0,6.31,-13.67,2.24,0.67
20200526-191601,INFO,ERROR,Sensor failure. Check wiring.
20200526-191641,INFO,829,46.16,32.08,55.88,1025.65,25.8,69.0,6.28,-13.12,2.24,0.74
20200526-191720,INFO,830,45.62,31.98,55.67,1025.68,25.8,68.9,6.18,-13.23,2.21,0.76
20200526-191800,INFO,831,46.16,31.83,53.26,1025.69,25.8,68.8,6.03,-15.54,2.38,0.46
20200526-191840,INFO,832,46.16,31.96,55.76,1025.7,25.8,68.7,6.16,-12.94,2.31,0.74
20200526-191919,INFO,833,46.16,31.96,55.47,1025.69,25.8,68.6,6.16,-13.13,2.31,0.71
20200526-191959,INFO,834,46.16,31.87,55.83,1025.66,25.8,68.6,6.07,-12.77,2.35,0.76
20200526-192039,INFO,835,45.62,31.94,55.77,1025.64,25.8,68.5,6.14,-12.73,2.23,0.8
20200526-192118,INFO,836,45.08,31.94,55.64,1025.67,25.8,68.4,6.14,-12.76,2.14,0.83
20200526-192158,INFO,837,46.16,31.88,55.7,1025.65,25.9,68.5,5.98,-12.8,2.39,0.75
20200526-192238,INFO,838,45.62,31.88,55.76,1025.66,25.9,68.5,5.98,-12.74,2.3,0.8
20200526-192317,INFO,839,46.16,31.96,55.77,1025.65,25.9,68.4,6.06,-12.63,2.34,0.76
20200526-192357,INFO,840,46.16,31.9,55.84,1025.69,25.9,68.3,6.0,-12.46,2.38,0.78
20200526-192437,INFO,841,45.62,32.05,55.6,1025.66,25.9,68.3,6.15,-12.7,2.21,0.79
20200526-192516,INFO,842,45.62,31.74,56.25,1025.65,25.9,68.3,5.84,-12.05,2.38,0.88
20200526-192556,INFO,843,45.08,31.76,56.5,1025.67,25.9,68.2,5.86,-11.7,2.27,0.98
20200526-192636,INFO,844,46.16,31.78,56.38,1025.64,25.9,68.2,5.88,-11.82,2.45,0.86
20200526-192715,INFO,845,45.62,31.79,56.22,1025.66,25.9,68.2,5.89,-11.98,2.35,0.88
20200526-192755,INFO,ERROR,Sensor failure. Check wiring.
20200526-192835,INFO,846,46.16,31.78,56.35,1025.6,25.9,68.2,5.88,-11.85,2.45,0.86
20200526-192914,INFO,847,45.08,31.83,56.97,1025.61,25.9,68.2,5.93,-11.23,2.23,1.06
20200526-192954,INFO,848,45.62,31.79,56.58,1025.58,25.9,68.2,5.89,-11.62,2.35,0.94
20200526-193034,INFO,ERROR,Sensor failure. Check wiring.
20200526-193113,INFO,849,45.62,32.23,55.66,1025.59,25.8,68.6,6.43,-12.94,2.08,0.78
20200526-193153,INFO,850,46.16,32.21,55.47,1025.6,25.9,68.7,6.31,-13.23,2.21,0.7
20200526-193233,INFO,851,46.16,32.19,55.53,1025.61,25.8,68.7,6.39,-13.17,2.19,0.71
20200526-193312,INFO,852,46.16,32.41,55.35,1025.63,25.8,68.8,6.61,-13.45,2.08,0.68
20200526-193352,INFO,853,45.62,32.48,55.13,1025.61,25.8,68.9,6.68,-13.77,1.97,0.69
20200526-193432,INFO,854,46.16,32.48,55.03,1025.65,25.8,69.0,6.68,-13.97,2.05,0.63
20200526-193511,INFO,855,45.62,32.54,54.85,1025.66,25.8,69.0,6.74,-14.15,1.94,0.65
20200526-193551,INFO,856,45.62,32.56,54.55,1025.69,25.8,69.1,6.76,-14.55,1.93,0.61
20200526-193631,INFO,857,46.16,32.48,54.63,1025.66,25.7,69.0,6.78,-14.37,2.02,0.59
20200526-193710,INFO,858,46.16,32.45,54.54,1025.63,25.7,69.0,6.75,-14.46,2.03,0.58
20200526-193750,INFO,859,46.16,32.57,54.76,1025.66,25.8,69.1,6.77,-14.34,2.01,0.6
20200526-193830,INFO,860,46.16,32.45,54.05,1025.65,25.8,69.1,6.65,-15.05,2.06,0.52
20200526-193909,INFO,861,46.16,32.77,54.47,1025.68,25.8,69.0,6.97,-14.53,1.92,0.57
20200526-193949,INFO,862,46.16,32.77,54.37,1025.73,25.8,69.0,6.97,-14.63,1.92,0.56
20200526-194029,INFO,863,46.16,32.86,54.12,1025.7,25.8,69.1,7.06,-14.98,1.88,0.53
20200526-194108,INFO,864,45.62,32.66,54.16,1025.71,25.8,69.1,6.86,-14.94,1.89,0.57
20200526-194148,INFO,ERROR,Sensor failure. Check wiring.
20200526-194228,INFO,865,46.16,32.97,53.84,1025.73,25.8,69.1,7.17,-15.26,1.84,0.5
20200526-194307,INFO,866,46.7,32.86,53.94,1025.7,25.8,69.0,7.06,-15.06,1.96,0.48
20200526-194347,INFO,867,46.16,32.72,54.35,1025.68,25.8,69.0,6.92,-14.65,1.94,0.56
20200526-194427,INFO,868,46.7,32.74,54.15,1025.68,25.7,69.0,7.04,-14.85,1.98,0.5
20200526-194506,INFO,869,46.16,32.85,54.04,1025.69,25.8,69.0,7.05,-14.96,1.89,0.53
20200526-194546,INFO,870,46.7,32.81,54.08,1025.71,25.8,68.9,7.01,-14.82,1.98,0.5
20200526-194626,INFO,871,46.16,32.83,54.11,1025.72,25.8,68.9,7.03,-14.79,1.9,0.54
20200526-194705,INFO,872,46.16,32.96,53.87,1025.75,25.8,69.0,7.16,-15.13,1.84,0.51
20200526-194745,INFO,873,46.16,33.08,53.5,1025.76,25.8,68.8,7.28,-15.3,1.8,0.48
20200526-194825,INFO,874,46.16,32.94,53.84,1025.7,25.8,68.9,7.14,-15.06,1.85,0.51
20200526-194904,INFO,875,46.16,32.94,53.72,1025.74,25.8,68.9,7.14,-15.18,1.85,0.5
20200526-194944,INFO,876,46.16,33.01,53.87,1025.77,25.8,68.8,7.21,-14.93,1.82,0.52
20200526-195024,INFO,877,46.16,32.92,53.96,1025.74,25.8,68.8,7.12,-14.84,1.86,0.53
20200526-195103,INFO,878,46.7,33.05,53.64,1025.73,25.8,68.8,7.25,-15.16,1.88,0.46
20200526-195143,INFO,879,46.16,33.05,53.71,1025.73,25.8,68.8,7.25,-15.09,1.81,0.5
20200526-195222,INFO,880,46.16,32.99,53.09,1025.8,25.8,68.8,7.19,-15.71,1.83,0.44
20200526-195302,INFO,ERROR,Sensor failure. Check wiring.
20200526-195342,INFO,881,46.7,32.99,53.55,1025.76,25.9,68.8,7.09,-15.25,1.93,0.45
20200526-195421,INFO,882,46.7,32.94,53.63,1025.79,25.9,68.9,7.04,-15.27,1.95,0.45
20200526-195501,INFO,883,46.7,32.72,54.06,1025.76,25.9,68.8,6.82,-14.74,2.05,0.5
20200526-195541,INFO,884,46.7,32.92,53.74,1025.78,25.9,68.9,7.02,-15.16,1.96,0.46
20200526-195620,INFO,885,46.16,32.83,53.73,1025.79,25.9,68.9,6.93,-15.17,1.92,0.5
20200526-195700,INFO,886,46.16,32.77,53.95,1025.74,25.9,68.8,6.87,-14.85,1.95,0.52
20200526-195740,INFO,ERROR,Sensor failure. Check wiring.
20200526-195819,INFO,887,46.16,33.03,53.65,1025.79,25.9,68.8,7.13,-15.15,1.84,0.49
20200526-195859,INFO,888,46.16,32.92,53.94,1025.78,25.9,68.8,7.02,-14.86,1.89,0.52
20200526-195939,INFO,889,46.7,32.97,53.91,1025.79,25.9,68.8,7.07,-14.89,1.94,0.48
20200526-200018,INFO,890,46.16,32.9,53.78,1025.79,25.9,68.8,7.0,-15.02,1.89,0.51
20200526-200058,INFO,891,46.16,32.79,54.04,1025.77,25.9,68.8,6.89,-14.76,1.94,0.53
20200526-200138,INFO,892,46.16,32.83,54.08,1025.74,25.9,68.8,6.93,-14.72,1.92,0.54
20200526-200217,INFO,893,46.16,32.85,53.93,1025.73,25.9,68.8,6.95,-14.87,1.92,0.52
20200526-200257,INFO,894,46.16,32.96,53.69,1025.75,25.9,68.9,7.06,-15.21,1.87,0.5
20200526-200337,INFO,895,46.7,33.03,53.86,1025.72,25.9,68.7,7.13,-14.84,1.92,0.48
20200526-200416,INFO,896,46.16,33.01,53.73,1025.73,25.9,68.8,7.11,-15.07,1.85,0.5
20200526-200456,INFO,897,46.16,33.1,53.47,1025.73,25.9,68.7,7.2,-15.23,1.81,0.48
20200526-200536,INFO,898,46.16,33.03,53.65,1025.72,25.9,68.7,7.13,-15.05,1.84,0.5
20200526-200615,INFO,ERROR,Sensor failure. Check wiring.
20200526-200655,INFO,899,46.16,32.77,53.89,1025.72,25.9,68.7,6.87,-14.81,1.95,0.52
20200526-200735,INFO,900,46.16,32.85,54.48,1025.74,25.9,68.7,6.95,-14.22,1.92,0.59
20200526-200814,INFO,901,46.7,32.97,54.25,1025.79,25.9,68.8,7.07,-14.55,1.94,0.52
20200526-200854,INFO,902,46.16,32.97,53.7,1025.8,25.9,68.7,7.07,-15.0,1.87,0.5
20200526-200934,INFO,903,46.16,32.74,54.1,1025.75,25.9,68.7,6.84,-14.6,1.96,0.54
20200526-201013,INFO,904,46.16,32.85,53.6,1025.82,25.9,68.7,6.95,-15.1,1.92,0.49
20200526-201053,INFO,905,46.16,33.01,53.98,1025.82,25.9,68.7,7.11,-14.72,1.85,0.53
20200526-201133,INFO,906,46.7,32.83,53.9,1025.79,25.9,68.7,6.93,-14.8,2.0,0.49
20200526-201212,INFO,907,46.16,33.05,53.96,1025.82,25.9,68.7,7.15,-14.74,1.83,0.53
20200526-201252,INFO,908,46.16,32.88,53.92,1025.8,25.9,68.7,6.98,-14.78,1.9,0.53
20200526-201332,INFO,909,46.7,32.83,54.55,1025.81,25.9,68.7,6.93,-14.15,2.0,0.55
20200526-201411,INFO,910,46.16,32.81,54.37,1025.84,25.9,68.7,6.91,-14.33,1.93,0.57
20200526-201451,INFO,911,46.16,32.85,54.01,1025.85,25.9,68.7,6.95,-14.69,1.92,0.53
20200526-201531,INFO,912,46.16,32.77,54.27,1025.81,25.9,68.7,6.87,-14.43,1.95,0.56
20200526-201610,INFO,913,46.7,32.76,53.97,1025.82,25.9,68.7,6.86,-14.73,2.03,0.49
20200526-201650,INFO,914,46.7,32.88,53.94,1025.76,25.9,68.7,6.98,-14.76,1.98,0.49
20200526-201730,INFO,ERROR,Sensor failure. Check wiring.
20200526-201809,INFO,915,46.16,32.81,53.62,1025.82,25.9,68.7,6.91,-15.08,1.93,0.49
20200526-201849,INFO,916,46.16,32.85,54.04,1025.8,25.9,68.8,6.95,-14.76,1.92,0.53
20200526-201929,INFO,917,46.16,32.72,54.17,1025.8,25.9,68.8,6.82,-14.63,1.97,0.55
20200526-202008,INFO,ERROR,Sensor failure. Check wiring.
20200526-202048,INFO,918,46.16,32.83,53.95,1025.85,25.9,68.8,6.93,-14.85,1.92,0.52
20200526-202128,INFO,919,45.62,32.76,54.47,1025.85,25.9,68.7,6.86,-14.23,1.87,0.62
20200526-202207,INFO,920,46.16,32.9,54.35,1025.84,25.9,68.8,7.0,-14.45,1.89,0.57
20200526-202247,INFO,921,46.16,32.86,54.04,1025.84,25.9,68.7,6.96,-14.66,1.91,0.54
20200526-202327,INFO,922,46.16,32.88,56.82,1025.89,25.9,68.7,6.98,-11.88,1.9,0.9
20200526-202406,INFO,923,46.16,32.81,54.15,1025.87,25.9,68.7,6.91,-14.55,1.93,0.55
20200526-202446,INFO,924,46.16,32.96,54.08,1025.9,25.9,68.8,7.06,-14.72,1.87,0.54
20200526-202526,INFO,925,46.7,33.12,53.56,1025.86,25.9,68.7,7.22,-15.14,1.88,0.45
20200526-202605,INFO,926,46.16,33.19,53.57,1025.91,25.9,68.7,7.29,-15.13,1.78,0.49
20200526-202645,INFO,927,46.7,33.16,53.5,1025.9,25.9,68.7,7.26,-15.2,1.87,0.45
20200526-202725,INFO,928,46.16,33.16,53.89,1025.92,25.9,68.7,7.26,-14.81,1.79,0.52
20200526-202804,INFO,ERROR,Sensor failure. Check wiring.
20200526-202844,INFO,929,46.7,32.88,54.01,1025.95,25.9,68.7,6.98,-14.69,1.98,0.5
20200526-202924,INFO,930,46.7,32.9,53.93,1025.95,25.9,68.7,7.0,-14.77,1.97,0.49
20200526-203003,INFO,931,46.16,32.81,53.6,1025.93,25.9,68.7,6.91,-15.1,1.93,0.49
20200526-203043,INFO,932,46.7,32.94,54.08,1025.77,25.9,68.8,7.04,-14.72,1.95,0.5
20200526-203123,INFO,933,46.16,33.14,53.71,1025.78,25.9,68.7,7.24,-14.99,1.8,0.5
20200526-203202,INFO,934,46.16,32.92,53.43,1025.8,26.0,68.8,6.92,-15.37,1.91,0.47
20200526-203242,INFO,935,46.7,32.81,55.27,1025.77,26.0,68.7,6.81,-13.43,2.04,0.64
20200526-203322,INFO,936,46.7,33.21,53.53,1025.79,26.0,68.6,7.21,-15.07,1.87,0.45
20200526-203401,INFO,937,46.7,33.14,53.46,1025.8,26.0,68.5,7.14,-15.04,1.9,0.45
20200526-203441,INFO,ERROR,Sensor failure. Check wiring.
20200526-203521,INFO,938,46.16,33.14,53.52,1025.81,26.1,68.4,7.04,-14.88,1.85,0.49
20200526-203600,INFO,ERROR,Sensor failure. Check wiring.
20200526-203640,INFO,939,47.24,32.94,53.65,1025.79,26.1,68.3,6.84,-14.65,2.09,0.44
20200526-203720,INFO,940,46.7,32.97,54.15,1025.81,26.1,68.2,6.87,-14.05,2.0,0.53
20200526-203759,INFO,941,46.16,33.08,53.47,1025.83,26.1,68.1,6.98,-14.63,1.87,0.5
20200526-203839,INFO,942,46.16,33.14,53.21,1025.83,26.1,68.0,7.04,-14.79,1.85,0.48
20200526-203918,INFO,943,46.7,33.25,53.37,1025.84,26.1,68.1,7.15,-14.73,1.88,0.45
20200526-203958,INFO,ERROR,Sensor failure. Check wiring.
20200526-204038,INFO,944,47.24,33.32,52.8,1025.85,26.2,68.1,7.12,-15.3,1.96,0.36
20200526-204117,INFO,945,46.16,33.37,52.78,1025.86,26.1,68.0,7.27,-15.22,1.76,0.43
20200526-204157,INFO,946,46.16,33.32,53.12,1025.86,26.1,68.0,7.22,-14.88,1.78,0.47
20200526-204237,INFO,947,46.16,33.34,53.12,1025.87,26.2,68.1,7.14,-14.98,1.8,0.46
20200526-204316,INFO,948,47.24,33.45,52.89,1025.9,26.2,68.1,7.25,-15.21,1.9,0.37
20200526-204356,INFO,949,46.7,33.28,53.28,1025.85,26.2,68.0,7.08,-14.72,1.9,0.45
20200526-204436,INFO,ERROR,Sensor failure. Check wiring.
20200526-204515,INFO,950,46.7,33.06,53.14,1025.85,26.2,68.0,6.86,-14.86,1.99,0.43
20200526-204555,INFO,951,46.7,33.08,53.45,1025.89,26.2,67.9,6.88,-14.45,1.98,0.47
20200526-204635,INFO,952,46.7,33.12,53.26,1025.93,26.2,67.9,6.92,-14.64,1.96,0.45
20200526-204714,INFO,953,47.24,33.32,53.33,1025.93,26.2,67.9,7.12,-14.57,1.96,0.42
20200526-204754,INFO,954,46.16,33.19,53.43,1025.95,26.2,68.0,6.99,-14.57,1.86,0.5
20200526-204834,INFO,955,46.7,33.06,53.21,1025.92,26.2,67.9,6.86,-14.69,1.99,0.44
20200526-204913,INFO,956,46.7,33.19,53.36,1025.94,26.2,67.9,6.99,-14.54,1.93,0.46
20200526-204953,INFO,ERROR,Sensor failure. Check wiring.
20200526-205033,INFO,957,47.24,33.34,53.15,1025.94,26.2,68.0,7.14,-14.85,1.95,0.4
20200526-205112,INFO,958,46.16,33.06,54.0,1025.95,26.2,68.0,6.86,-14.0,1.91,0.56
20200526-205152,INFO,959,46.7,33.03,53.71,1026.0,26.1,67.8,6.93,-14.09,1.97,0.5
20200526-205232,INFO,960,46.7,33.08,54.3,1026.0,26.2,68.0,6.88,-13.7,1.98,0.55
20200526-205311,INFO,961,46.16,32.9,53.99,1026.01,26.2,68.0,6.7,-14.01,1.98,0.56
20200526-205351,INFO,962,46.16,32.99,53.63,1025.98,26.2,68.0,6.79,-14.37,1.94,0.52
20200526-205431,INFO,963,46.16,33.01,53.42,1026.04,26.2,68.0,6.81,-14.58,1.93,0.5
20200526-205510,INFO,964,46.16,32.79,54.38,1025.98,26.1,68.0,6.69,-13.62,2.0,0.6
