2020-04-15 08:03:10 - INFO: ___Sample,___Sample,_CPU_Temp,_____Temp,____Press,____Humid
2020-04-15 08:03:10 - INFO: 1,1,31.48,26.31,992.49,42.41
2020-04-15 08:03:20 - INFO: 2,2,30.4,26.24,992.49,42.64
2020-04-15 08:03:30 - INFO: 3,3,30.4,26.22,992.51,42.15
2020-04-15 08:03:40 - INFO: 4,4,30.4,26.2,992.49,42.7
2020-04-15 08:03:50 - INFO: 5,5,29.32,26.24,992.46,42.41
2020-04-15 08:04:01 - INFO: 6,6,29.86,26.33,992.5,42.76
2020-04-15 08:04:11 - INFO: 7,7,30.94,26.22,992.54,42.28
2020-04-15 08:04:21 - INFO: 8,8,30.4,26.24,992.49,43.0
2020-04-15 08:04:31 - INFO: 9,9,30.4,26.26,992.48,42.76
2020-04-15 08:04:41 - INFO: 10,10,30.4,26.2,992.47,42.94
2020-04-15 08:04:51 - INFO: 11,11,30.4,26.15,992.52,42.71
2020-04-15 08:05:01 - INFO: 12,12,30.4,26.27,992.47,43.06
2020-04-15 08:05:12 - INFO: 13,13,29.86,26.13,992.49,42.08
2020-04-15 08:05:22 - INFO: 14,14,29.86,26.31,992.51,43.12
2020-04-15 08:05:32 - INFO: 15,15,30.4,26.22,992.51,42.85
2020-04-15 08:05:42 - INFO: 16,16,30.4,26.18,992.52,42.67
2020-04-15 08:05:52 - INFO: 17,17,30.4,26.31,992.5,42.44
2020-04-15 08:06:02 - INFO: 18,18,29.86,26.18,992.49,41.7
2020-04-15 08:06:12 - INFO: 19,19,30.4,26.2,992.49,42.57
2020-04-15 08:06:22 - INFO: 20,20,30.4,26.24,992.53,42.84
2020-04-15 08:06:33 - INFO: 21,21,30.4,26.24,992.52,42.77
2020-04-15 08:06:43 - INFO: 22,22,30.94,26.15,992.5,42.39
2020-04-15 08:06:53 - INFO: 23,23,30.4,26.18,992.5,43.05
2020-04-15 08:07:03 - INFO: 24,24,30.4,26.17,992.51,43.17
2020-04-15 08:07:13 - INFO: 25,25,30.4,26.2,992.49,43.79
2020-04-15 08:07:23 - INFO: 26,26,30.4,26.18,992.5,43.48
2020-04-15 08:07:33 - INFO: 27,27,30.4,26.2,992.51,42.69
2020-04-15 08:07:43 - INFO: 28,28,30.4,26.26,992.56,42.62
2020-04-15 08:07:54 - INFO: 29,29,30.4,26.09,992.5,42.64
2020-04-15 08:08:04 - INFO: 30,30,29.86,26.22,992.51,42.69
2020-04-15 08:08:14 - INFO: 31,31,30.4,26.18,992.48,42.88
2020-04-15 08:08:24 - INFO: 32,32,30.4,26.24,992.54,42.74
2020-04-15 08:08:34 - INFO: 33,33,30.4,26.2,992.49,42.96
2020-04-15 08:08:44 - INFO: 34,34,30.4,26.26,992.52,43.2
2020-04-15 08:08:54 - INFO: 35,35,30.4,26.17,992.5,43.08
2020-04-15 08:09:04 - INFO: 36,36,30.4,26.15,992.48,42.41
2020-04-15 08:09:15 - INFO: 37,37,30.4,26.26,992.56,42.67
2020-04-15 08:09:25 - INFO: 38,38,29.86,26.15,992.52,42.72
2020-04-15 08:09:35 - INFO: 39,39,30.94,26.24,992.48,42.76
2020-04-15 08:09:45 - INFO: 40,40,30.4,26.13,992.49,42.97
2020-04-15 08:09:55 - INFO: 41,41,30.4,26.2,992.52,43.12
2020-04-15 08:10:05 - INFO: 42,42,30.94,26.18,992.52,42.74
2020-04-15 08:10:15 - INFO: 43,43,30.4,26.17,992.51,42.92
2020-04-15 08:10:25 - INFO: 44,44,30.4,26.22,992.51,42.71
2020-04-15 08:10:36 - INFO: 45,45,30.4,26.17,992.5,43.04
2020-04-15 08:10:46 - INFO: 46,46,30.4,26.15,992.52,42.93
2020-04-15 08:10:56 - INFO: 47,47,29.86,26.22,992.54,42.08
2020-04-15 08:11:06 - INFO: 48,48,30.4,26.24,992.53,43.34
2020-04-15 08:11:16 - INFO: 49,49,29.86,26.29,992.5,41.38
2020-04-15 08:11:26 - INFO: 50,50,30.4,26.18,992.59,42.61
2020-04-15 08:11:36 - INFO: 51,51,29.32,26.2,992.51,42.37
2020-04-15 08:11:46 - INFO: 52,52,30.4,26.17,992.52,42.55
2020-04-15 08:11:57 - INFO: 53,53,30.4,26.24,992.54,42.16
2020-04-15 08:12:07 - INFO: 54,54,30.4,26.18,992.52,42.1
2020-04-15 08:12:17 - INFO: 55,55,30.94,26.2,992.52,43.06
2020-04-15 08:12:27 - INFO: 56,56,30.4,26.22,992.51,42.72
2020-04-15 08:12:37 - INFO: 57,57,30.4,26.18,992.52,42.49
2020-04-15 08:12:47 - INFO: 58,58,30.4,26.15,992.53,42.1
2020-04-15 08:12:57 - INFO: 59,59,30.4,26.22,992.54,43.28
2020-04-15 08:13:07 - INFO: 60,60,30.94,26.24,992.52,43.59
2020-04-15 08:13:18 - INFO: 61,61,29.86,26.26,992.55,42.79
2020-04-15 08:13:28 - INFO: 62,62,30.4,26.15,992.53,42.82
2020-04-15 08:13:38 - INFO: 63,63,30.4,26.15,992.51,42.71
2020-04-15 08:13:48 - INFO: 64,64,30.4,26.15,992.51,42.78
2020-04-15 08:13:58 - INFO: 65,65,30.94,26.26,992.54,42.53
2020-04-15 08:14:08 - INFO: 66,66,29.86,26.13,992.56,42.5
2020-04-15 08:14:18 - INFO: 67,67,30.4,26.18,992.5,42.78
2020-04-15 08:14:28 - INFO: 68,68,30.4,26.22,992.57,42.31
2020-04-15 08:14:39 - INFO: 69,69,30.4,26.26,992.56,42.69
2020-04-15 08:14:49 - INFO: 70,70,30.4,26.17,992.51,42.39
2020-04-15 08:14:59 - INFO: 71,71,30.4,26.22,992.53,42.72
2020-04-15 08:15:09 - INFO: 72,72,29.86,26.24,992.52,43.55
2020-04-15 08:15:19 - INFO: 73,73,30.4,26.18,992.59,42.69
2020-04-15 08:15:29 - INFO: 74,74,30.94,26.22,992.53,42.42
2020-04-15 08:15:39 - INFO: 75,75,30.4,26.29,992.52,42.62
2020-04-15 08:15:49 - INFO: 76,76,30.4,26.22,992.51,42.72
2020-04-15 08:16:00 - INFO: 77,77,30.4,26.17,992.5,42.4
2020-04-15 08:16:10 - INFO: 78,78,30.4,26.29,992.5,42.87
2020-04-15 08:16:20 - INFO: 79,79,30.94,26.2,992.57,42.34
2020-04-15 08:16:30 - INFO: 80,80,30.4,26.18,992.54,43.92
2020-04-15 08:16:40 - INFO: 81,81,29.86,26.26,992.54,42.81
2020-04-15 08:16:50 - INFO: 82,82,30.4,26.17,992.5,42.79
2020-04-15 08:17:00 - INFO: 83,83,30.4,26.15,992.53,43.02
2020-04-15 08:17:10 - INFO: 84,84,30.4,26.15,992.51,42.3
2020-04-15 08:17:21 - INFO: 85,85,29.86,26.22,992.53,42.32
2020-04-15 08:17:31 - INFO: 86,86,30.4,26.24,992.52,42.39
2020-04-15 08:17:41 - INFO: 87,87,30.4,26.18,992.53,41.78
2020-04-15 08:17:51 - INFO: 88,88,30.4,26.26,992.54,42.53
2020-04-15 08:18:01 - INFO: 89,89,30.4,26.2,992.51,42.51
2020-04-15 08:18:11 - INFO: 90,90,30.4,26.22,992.5,42.49
2020-04-15 08:18:21 - INFO: 91,91,30.4,26.22,992.53,42.46
2020-04-15 08:18:32 - INFO: 92,92,30.4,26.26,992.52,42.36
2020-04-15 08:18:42 - INFO: 93,93,29.86,26.2,992.52,42.13
2020-04-15 08:18:52 - INFO: 94,94,29.86,26.13,992.51,42.11
2020-04-15 08:19:02 - INFO: 95,95,30.4,26.2,992.51,42.49
2020-04-15 08:19:12 - INFO: 96,96,30.4,26.24,992.54,43.23
2020-04-15 08:19:22 - INFO: 97,97,30.4,26.24,992.57,42.33
2020-04-15 08:19:32 - INFO: 98,98,30.4,26.27,992.55,42.43
2020-04-15 08:19:42 - INFO: 99,99,30.4,26.17,992.54,42.49
2020-04-15 08:19:53 - INFO: 100,100,29.32,26.2,992.5,42.61
2020-04-15 08:20:03 - INFO: 101,101,29.86,26.2,992.51,42.52
2020-04-15 08:20:13 - INFO: 102,102,30.4,26.17,992.58,42.39
2020-04-15 08:20:23 - INFO: 103,103,30.4,26.17,992.53,42.78
2020-04-15 08:20:33 - INFO: 104,104,30.4,26.22,992.52,42.73
2020-04-15 08:20:43 - INFO: 105,105,30.4,26.09,992.52,42.49
2020-04-15 08:20:53 - INFO: 106,106,29.86,26.2,992.52,43.0
2020-04-15 08:21:03 - INFO: 107,107,30.4,26.13,992.54,42.43
2020-04-15 08:21:14 - INFO: 108,108,30.4,26.15,992.56,42.53
2020-04-15 08:21:24 - INFO: 109,109,30.4,26.09,992.54,43.91
2020-04-15 08:21:34 - INFO: 110,110,30.4,26.24,992.55,43.33
2020-04-15 08:21:44 - INFO: 111,111,30.4,26.09,992.51,41.99
2020-04-15 08:21:54 - INFO: 112,112,30.4,26.2,992.52,42.52
2020-04-15 08:22:04 - INFO: 113,113,30.4,26.27,992.59,42.59
2020-04-15 08:22:14 - INFO: 114,114,30.4,26.15,992.55,42.55
2020-04-15 08:22:24 - INFO: 115,115,30.4,26.13,992.54,42.91
2020-04-15 08:22:35 - INFO: 116,116,30.4,26.15,992.56,43.08
2020-04-15 08:22:45 - INFO: 117,117,30.4,26.17,992.57,42.37
2020-04-15 08:22:55 - INFO: 118,118,29.86,26.22,992.55,42.51
2020-04-15 08:23:05 - INFO: 119,119,30.4,26.22,992.57,42.59
2020-04-15 08:23:15 - INFO: 120,120,30.4,26.18,992.59,42.54
2020-04-15 08:23:25 - INFO: 121,121,30.4,26.15,992.52,42.49
2020-04-15 08:23:35 - INFO: 122,122,29.86,26.08,992.59,43.19
2020-04-15 08:23:46 - INFO: 123,123,30.4,26.15,992.57,42.42
2020-04-15 08:23:56 - INFO: 124,124,30.94,26.13,992.55,43.02
2020-04-15 08:24:06 - INFO: 125,125,29.86,26.11,992.54,42.95
2020-04-15 08:24:16 - INFO: 126,126,30.4,26.2,992.56,42.96
2020-04-15 08:24:26 - INFO: 127,127,30.4,26.17,992.58,42.6
2020-04-15 08:24:36 - INFO: 128,128,30.4,26.09,992.59,42.77
2020-04-15 08:24:46 - INFO: 129,129,29.86,26.18,992.57,42.58
2020-04-15 08:24:56 - INFO: 130,130,30.4,26.13,992.59,42.81
2020-04-15 08:25:07 - INFO: 131,131,30.4,26.18,992.56,42.77
2020-04-15 08:25:17 - INFO: 132,132,30.4,26.26,992.56,41.47
2020-04-15 08:25:27 - INFO: 133,133,30.4,26.15,992.6,43.49
2020-04-15 08:25:37 - INFO: 134,134,30.4,26.11,992.61,42.36
2020-04-15 08:25:47 - INFO: 135,135,30.4,26.08,992.56,42.3
2020-04-15 08:25:57 - INFO: 136,136,30.4,26.2,992.61,42.66
2020-04-15 08:26:07 - INFO: 137,137,30.4,26.15,992.6,42.4
2020-04-15 08:26:17 - INFO: 138,138,29.32,26.06,992.59,42.56
2020-04-15 08:26:28 - INFO: 139,139,30.4,26.11,992.59,42.81
2020-04-15 08:26:38 - INFO: 140,140,30.4,26.0,992.58,42.88
2020-04-15 08:26:48 - INFO: 141,141,30.4,26.2,992.58,42.8
2020-04-15 08:26:58 - INFO: 142,142,29.86,26.15,992.58,42.4
2020-04-15 08:27:08 - INFO: 143,143,30.4,26.08,992.56,42.62
2020-04-15 08:27:18 - INFO: 144,144,30.94,26.09,992.6,42.37
2020-04-15 08:27:28 - INFO: 145,145,30.4,26.09,992.56,42.47
2020-04-15 08:27:38 - INFO: 146,146,30.4,26.13,992.58,41.96
2020-04-15 08:27:49 - INFO: 147,147,29.86,26.11,992.56,43.97
2020-04-15 08:27:59 - INFO: 148,148,30.4,26.2,992.59,42.17
2020-04-15 08:28:09 - INFO: 149,149,30.4,26.04,992.6,43.22
2020-04-15 08:28:19 - INFO: 150,150,29.86,26.18,992.62,42.69
2020-04-15 08:28:29 - INFO: 151,151,30.4,26.15,992.62,42.7
2020-04-15 08:28:39 - INFO: 152,152,30.4,26.15,992.6,42.81
2020-04-15 08:28:49 - INFO: 153,153,30.4,26.11,992.62,42.4
2020-04-15 08:28:59 - INFO: 154,154,30.4,26.13,992.61,42.39
2020-04-15 08:29:10 - INFO: 155,155,30.4,26.09,992.6,43.07
2020-04-15 08:29:20 - INFO: 156,156,30.4,26.15,992.6,42.85
2020-04-15 08:29:30 - INFO: 157,157,30.4,26.04,992.66,42.82
2020-04-15 08:29:40 - INFO: 158,158,30.94,26.09,992.62,42.78
2020-04-15 08:29:50 - INFO: 159,159,30.4,26.11,992.66,42.54
2020-04-15 08:30:00 - INFO: 160,160,30.4,26.08,992.64,43.02
2020-04-15 08:30:10 - INFO: 161,161,30.4,26.18,992.61,42.26
2020-04-15 08:30:20 - INFO: 162,162,30.4,26.11,992.61,43.05
2020-04-15 08:30:30 - INFO: 163,163,30.4,26.11,992.6,42.85
2020-04-15 08:30:41 - INFO: 164,164,30.4,26.17,992.61,42.43
2020-04-15 08:30:51 - INFO: 165,165,30.4,26.13,992.58,42.55
2020-04-15 08:31:01 - INFO: 166,166,30.4,26.13,992.59,42.31
2020-04-15 08:31:11 - INFO: 167,167,30.4,26.08,992.56,42.4
2020-04-15 08:31:21 - INFO: 168,168,29.86,26.26,992.59,42.51
2020-04-15 08:31:31 - INFO: 169,169,30.4,26.15,992.6,42.73
2020-04-15 08:31:41 - INFO: 170,170,29.86,26.08,992.6,42.31
2020-04-15 08:31:51 - INFO: 171,171,30.4,26.02,992.6,42.49
2020-04-15 08:32:02 - INFO: 172,172,29.86,26.18,992.62,42.42
2020-04-15 08:32:12 - INFO: 173,173,30.4,26.11,992.62,43.24
2020-04-15 08:32:22 - INFO: 174,174,30.4,26.11,992.61,41.97
2020-04-15 08:32:32 - INFO: 175,175,30.4,26.13,992.61,42.16
2020-04-15 08:32:42 - INFO: 176,176,29.32,26.26,992.59,42.09
2020-04-15 08:32:52 - INFO: 177,177,29.86,26.13,992.59,42.83
2020-04-15 08:33:02 - INFO: 178,178,30.4,26.13,992.59,42.39
2020-04-15 08:33:12 - INFO: 179,179,29.86,26.09,992.58,42.85
2020-04-15 08:33:23 - INFO: 180,180,30.4,26.15,992.6,42.52
2020-04-15 08:33:33 - INFO: 181,181,30.4,26.18,992.6,42.71
2020-04-15 08:33:43 - INFO: 182,182,30.4,26.09,992.63,42.78
2020-04-15 08:33:53 - INFO: 183,183,30.4,26.24,992.6,42.73
2020-04-15 08:34:03 - INFO: 184,184,30.4,26.0,992.6,42.95
2020-04-15 08:34:13 - INFO: 185,185,30.4,26.18,992.6,42.48
2020-04-15 08:34:23 - INFO: 186,186,29.86,26.17,992.64,43.57
2020-04-15 08:34:33 - INFO: 187,187,30.4,26.11,992.61,41.56
2020-04-15 08:34:44 - INFO: 188,188,30.4,26.11,992.62,42.36
2020-04-15 08:34:54 - INFO: 189,189,30.4,26.11,992.64,42.57
2020-04-15 08:35:04 - INFO: 190,190,30.4,26.18,992.6,43.01
2020-04-15 08:35:14 - INFO: 191,191,30.4,26.13,992.62,43.07
2020-04-15 08:35:24 - INFO: 192,192,29.86,26.18,992.62,42.31
2020-04-15 08:35:34 - INFO: 193,193,30.4,26.09,992.64,42.82
2020-04-15 08:35:44 - INFO: 194,194,30.4,26.18,992.62,42.55
2020-04-15 08:35:54 - INFO: 195,195,30.4,26.11,992.64,41.97
2020-04-15 08:36:05 - INFO: 196,196,30.4,26.17,992.65,42.54
2020-04-15 08:36:15 - INFO: 197,197,30.94,26.09,992.62,42.47
2020-04-15 08:36:25 - INFO: 198,198,30.4,26.11,992.65,42.51
2020-04-15 08:36:35 - INFO: 199,199,30.4,26.04,992.72,42.69
2020-04-15 08:36:45 - INFO: 200,200,29.86,26.17,992.7,42.96
2020-04-15 08:36:55 - INFO: 201,201,30.4,26.15,992.65,42.29
2020-04-15 08:37:05 - INFO: 202,202,29.32,26.22,992.64,42.23
2020-04-15 08:37:16 - INFO: 203,203,30.4,26.04,992.61,42.77
2020-04-15 08:37:26 - INFO: 204,204,30.4,26.08,992.68,42.72
2020-04-15 08:37:36 - INFO: 205,205,29.32,26.27,992.64,42.45
2020-04-15 08:37:46 - INFO: 206,206,30.4,26.13,992.64,43.06
2020-04-15 08:37:56 - INFO: 207,207,30.4,26.13,992.7,42.97
2020-04-15 08:38:06 - INFO: 208,208,30.94,26.22,992.65,42.92
2020-04-15 08:38:16 - INFO: 209,209,30.4,26.09,992.63,42.36
2020-04-15 08:38:26 - INFO: 210,210,30.4,26.22,992.68,42.9
2020-04-15 08:38:37 - INFO: 211,211,29.86,26.2,992.68,42.48
2020-04-15 08:38:47 - INFO: 212,212,30.4,26.15,992.65,42.7
2020-04-15 08:38:57 - INFO: 213,213,30.4,26.13,992.65,42.45
2020-04-15 08:39:07 - INFO: 214,214,30.4,26.15,992.62,42.53
2020-04-15 08:39:17 - INFO: 215,215,30.4,26.17,992.66,42.92
2020-04-15 08:39:27 - INFO: 216,216,30.4,26.18,992.63,42.94
2020-04-15 08:39:37 - INFO: 217,217,30.4,26.24,992.7,42.69
2020-04-15 08:39:47 - INFO: 218,218,30.4,26.06,992.66,42.17
2020-04-15 08:39:58 - INFO: 219,219,30.4,26.13,992.69,42.39
2020-04-15 08:40:08 - INFO: 220,220,30.4,26.22,992.63,42.75
2020-04-15 08:40:18 - INFO: 221,221,30.4,26.02,992.66,42.47
2020-04-15 08:40:28 - INFO: 222,222,30.4,26.02,992.62,42.38
2020-04-15 08:40:38 - INFO: 223,223,30.4,26.15,992.66,40.89
2020-04-15 08:40:48 - INFO: 224,224,29.86,26.26,992.63,43.24
2020-04-15 08:40:58 - INFO: 225,225,30.4,26.24,992.63,42.82
2020-04-15 08:41:08 - INFO: 226,226,30.4,26.22,992.64,42.67
2020-04-15 08:41:19 - INFO: 227,227,30.4,26.17,992.66,42.78
2020-04-15 08:41:29 - INFO: 228,228,30.4,26.2,992.68,42.47
2020-04-15 08:41:39 - INFO: 229,229,30.4,26.11,992.66,42.81
2020-04-15 08:41:49 - INFO: 230,230,29.86,26.18,992.64,43.23
2020-04-15 08:41:59 - INFO: 231,231,30.4,26.15,992.65,44.0
2020-04-15 08:42:09 - INFO: 232,232,30.4,26.26,992.65,43.07
2020-04-15 08:42:19 - INFO: 233,233,30.4,26.18,992.66,43.32
2020-04-15 08:42:29 - INFO: 234,234,29.86,26.2,992.64,43.76
2020-04-15 08:42:40 - INFO: 235,235,30.4,26.13,992.66,42.53
2020-04-15 08:42:50 - INFO: 236,236,30.4,26.09,992.64,42.63
2020-04-15 08:43:00 - INFO: 237,237,30.4,26.13,992.62,42.6
2020-04-15 08:43:10 - INFO: 238,238,31.48,26.2,992.6,43.11
2020-04-15 08:43:20 - INFO: 239,239,30.94,26.17,992.64,42.45
2020-04-15 08:43:30 - INFO: 240,240,30.4,26.2,992.65,42.7
2020-04-15 08:43:41 - INFO: 241,241,30.4,26.13,992.66,42.7
2020-04-15 08:43:51 - INFO: 242,242,30.4,26.22,992.62,42.37
2020-04-15 08:44:01 - INFO: 243,243,29.86,26.18,992.63,42.75
2020-04-15 08:44:11 - INFO: 244,244,30.4,26.18,992.63,42.71
2020-04-15 08:44:21 - INFO: 245,245,30.4,26.08,992.63,42.81
2020-04-15 08:44:31 - INFO: 246,246,30.4,26.18,992.64,42.25
2020-04-15 08:44:41 - INFO: 247,247,30.4,26.13,992.68,42.67
2020-04-15 08:44:51 - INFO: 248,248,30.4,26.15,992.64,42.51
2020-04-15 08:45:02 - INFO: 249,249,30.4,26.18,992.66,43.08
2020-04-15 08:45:12 - INFO: 250,250,30.94,26.22,992.67,42.74
2020-04-15 08:45:22 - INFO: 251,251,30.4,26.24,992.65,42.81
2020-04-15 08:45:32 - INFO: 252,252,29.86,26.24,992.66,42.28
2020-04-15 08:45:42 - INFO: 253,253,30.4,26.11,992.64,42.72
2020-04-15 08:45:52 - INFO: 254,254,29.86,26.17,992.64,42.82
2020-04-15 08:46:02 - INFO: 255,255,30.94,26.18,992.65,42.02
2020-04-15 08:46:12 - INFO: 256,256,30.4,26.17,992.66,42.56
2020-04-15 08:46:23 - INFO: 257,257,30.4,26.15,992.71,42.3
2020-04-15 08:46:33 - INFO: 258,258,29.86,26.24,992.66,42.91
2020-04-15 08:46:43 - INFO: 259,259,30.4,26.27,992.69,42.77
2020-04-15 08:46:53 - INFO: 260,260,30.4,26.17,992.65,42.38
2020-04-15 08:47:03 - INFO: 261,261,30.4,26.27,992.63,43.93
2020-04-15 08:47:13 - INFO: 262,262,30.4,26.22,992.65,42.9
2020-04-15 08:47:23 - INFO: 263,263,30.4,26.27,992.64,42.53
2020-04-15 08:47:34 - INFO: 264,264,30.4,26.17,992.66,42.57
2020-04-15 08:47:44 - INFO: 265,265,29.86,26.17,992.67,42.59
2020-04-15 08:47:54 - INFO: 266,266,30.4,26.27,992.65,42.34
2020-04-15 08:48:04 - INFO: 267,267,30.4,26.22,992.64,42.59
2020-04-15 08:48:14 - INFO: 268,268,30.4,26.18,992.66,42.79
2020-04-15 08:48:24 - INFO: 269,269,30.4,26.26,992.67,42.57
2020-04-15 08:48:34 - INFO: 270,270,30.4,26.22,992.71,42.63
2020-04-15 08:48:44 - INFO: 271,271,30.94,26.18,992.7,43.22
2020-04-15 08:48:55 - INFO: 272,272,30.4,26.22,992.66,42.81
2020-04-15 08:49:05 - INFO: 273,273,30.4,26.26,992.67,40.06
2020-04-15 08:49:15 - INFO: 274,274,30.4,26.24,992.66,43.03
2020-04-15 08:49:25 - INFO: 275,275,29.86,26.22,992.66,42.45
2020-04-15 08:49:35 - INFO: 276,276,30.4,26.17,992.66,42.58
2020-04-15 08:49:45 - INFO: 277,277,30.4,26.15,992.7,42.72
2020-04-15 08:49:55 - INFO: 278,278,30.4,26.24,992.69,42.51
2020-04-15 08:50:05 - INFO: 279,279,30.4,26.17,992.73,42.6
2020-04-15 08:50:16 - INFO: 280,280,30.4,26.13,992.67,42.31
2020-04-15 08:50:26 - INFO: 281,281,30.4,26.17,992.7,42.81
2020-04-15 08:50:36 - INFO: 282,282,30.4,26.2,992.73,42.93
2020-04-15 08:50:46 - INFO: 283,283,29.86,26.29,992.64,42.37
2020-04-15 08:50:56 - INFO: 284,284,29.86,26.17,992.67,42.56
2020-04-15 08:51:06 - INFO: 285,285,30.4,26.13,992.67,42.07
2020-04-15 08:51:16 - INFO: 286,286,30.4,26.26,992.72,42.42
2020-04-15 08:51:26 - INFO: 287,287,30.4,26.2,992.68,42.45
2020-04-15 08:51:36 - INFO: 288,288,30.94,26.2,992.66,42.67
2020-04-15 08:51:47 - INFO: 289,289,30.4,26.27,992.69,42.4
2020-04-15 08:51:57 - INFO: 290,290,30.4,26.13,992.67,42.04
2020-04-15 08:52:07 - INFO: 291,291,30.4,26.24,992.67,43.23
2020-04-15 08:52:17 - INFO: 292,292,30.4,26.17,992.64,42.68
2020-04-15 08:52:27 - INFO: 293,293,29.86,26.31,992.67,42.53
2020-04-15 08:52:37 - INFO: 294,294,30.4,26.09,992.65,42.63
2020-04-15 08:52:47 - INFO: 295,295,30.4,26.18,992.67,42.35
2020-04-15 08:52:57 - INFO: 296,296,30.4,26.22,992.69,42.8
2020-04-15 08:53:08 - INFO: 297,297,30.4,26.24,992.64,42.5
2020-04-15 08:53:18 - INFO: 298,298,30.94,26.31,992.66,42.85
2020-04-15 08:53:28 - INFO: 299,299,30.94,26.29,992.66,42.49
2020-04-15 08:53:38 - INFO: 300,300,30.4,26.26,992.64,42.5
2020-04-15 08:53:48 - INFO: 301,301,30.4,26.29,992.66,42.52
2020-04-15 08:53:58 - INFO: 302,302,29.86,26.27,992.72,42.33
2020-04-15 08:54:08 - INFO: 303,303,30.4,26.26,992.69,41.95
2020-04-15 08:54:18 - INFO: 304,304,30.4,26.27,992.67,42.05
2020-04-15 08:54:29 - INFO: 305,305,30.4,26.31,992.69,42.46
2020-04-15 08:54:39 - INFO: 306,306,30.4,26.2,992.71,42.33
2020-04-15 08:54:49 - INFO: 307,307,30.4,26.33,992.73,42.58
2020-04-15 08:54:59 - INFO: 308,308,30.4,26.06,992.68,42.02
2020-04-15 08:55:09 - INFO: 309,309,30.4,26.22,992.67,42.29
2020-04-15 08:55:19 - INFO: 310,310,30.4,26.15,992.67,42.81
2020-04-15 08:55:29 - INFO: 311,311,30.4,26.2,992.67,40.48
2020-04-15 08:55:39 - INFO: 312,312,30.4,26.24,992.66,42.19
2020-04-15 08:55:50 - INFO: 313,313,30.4,26.22,992.68,42.47
2020-04-15 08:56:00 - INFO: 314,314,30.4,26.27,992.66,42.56
2020-04-15 08:56:10 - INFO: 315,315,30.94,26.18,992.67,42.0
2020-04-15 08:56:20 - INFO: 316,316,30.4,26.2,992.69,42.76
2020-04-15 08:56:30 - INFO: 317,317,30.4,26.24,992.67,42.31
2020-04-15 08:56:40 - INFO: 318,318,30.4,26.24,992.66,42.44
2020-04-15 08:56:50 - INFO: 319,319,30.4,26.31,992.67,42.09
2020-04-15 08:57:00 - INFO: 320,320,30.4,26.15,992.68,41.85
2020-04-15 08:57:11 - INFO: 321,321,30.4,26.27,992.68,42.09
2020-04-15 08:57:21 - INFO: 322,322,30.4,26.26,992.65,42.73
2020-04-15 08:57:31 - INFO: 323,323,30.4,26.22,992.66,42.19
2020-04-15 08:57:41 - INFO: 324,324,30.4,26.24,992.68,42.39
2020-04-15 08:57:51 - INFO: 325,325,30.4,26.31,992.68,42.71
2020-04-15 08:58:01 - INFO: 326,326,30.4,26.27,992.65,42.52
2020-04-15 08:58:11 - INFO: 327,327,30.94,26.29,992.64,42.35
2020-04-15 08:58:21 - INFO: 328,328,30.4,26.29,992.7,42.49
2020-04-15 08:58:31 - INFO: 329,329,30.4,26.22,992.66,42.48
2020-04-15 08:58:42 - INFO: 330,330,30.4,26.26,992.64,42.53
2020-04-15 08:58:52 - INFO: 331,331,30.4,26.17,992.72,42.03
2020-04-15 08:59:02 - INFO: 332,332,30.4,26.22,992.71,41.94
2020-04-15 08:59:12 - INFO: 333,333,30.4,26.29,992.71,42.24
2020-04-15 08:59:22 - INFO: 334,334,29.86,26.22,992.68,42.18
2020-04-15 08:59:32 - INFO: 335,335,29.86,26.27,992.68,42.55
2020-04-15 08:59:42 - INFO: 336,336,30.4,26.27,992.68,42.45
2020-04-15 08:59:52 - INFO: 337,337,30.4,26.27,992.64,42.9
2020-04-15 09:00:03 - INFO: 338,338,30.4,26.22,992.65,42.08
2020-04-15 09:00:13 - INFO: 339,339,30.4,26.29,992.6,42.72
2020-04-15 09:00:23 - INFO: 340,340,30.94,26.27,992.6,42.42
2020-04-15 09:00:33 - INFO: 341,341,30.4,26.15,992.64,42.35
2020-04-15 09:00:43 - INFO: 342,342,30.4,26.22,992.65,42.45
2020-04-15 09:00:53 - INFO: 343,343,30.4,26.36,992.61,42.57
2020-04-15 09:01:03 - INFO: 344,344,29.86,26.31,992.69,42.21
2020-04-15 09:01:14 - INFO: 345,345,30.4,26.33,992.64,42.49
2020-04-15 09:01:24 - INFO: 346,346,30.4,26.29,992.66,42.51
2020-04-15 09:01:34 - INFO: 347,347,30.4,26.26,992.64,42.45
2020-04-15 09:01:44 - INFO: 348,348,30.4,26.15,992.65,42.37
2020-04-15 09:01:54 - INFO: 349,349,30.4,26.29,992.67,42.1
2020-04-15 09:02:04 - INFO: 350,350,30.4,26.29,992.64,42.65
2020-04-15 09:02:14 - INFO: 351,351,30.4,26.18,992.66,42.44
2020-04-15 09:02:24 - INFO: 352,352,30.4,26.33,992.64,42.73
2020-04-15 09:02:35 - INFO: 353,353,30.4,26.26,992.66,42.25
2020-04-15 09:02:45 - INFO: 354,354,30.4,26.29,992.63,42.26
2020-04-15 09:02:55 - INFO: 355,355,30.4,26.33,992.64,41.81
2020-04-15 09:03:05 - INFO: 356,356,30.4,26.17,992.64,42.25
2020-04-15 09:03:15 - INFO: 357,357,30.4,26.22,992.63,43.09
2020-04-15 09:03:25 - INFO: 358,358,30.4,26.33,992.62,42.38
2020-04-15 09:03:35 - INFO: 359,359,30.4,26.26,992.68,42.24
2020-04-15 09:03:45 - INFO: 360,360,30.4,26.29,992.65,42.17
2020-04-15 09:03:56 - INFO: 361,361,29.86,26.27,992.63,42.02
2020-04-15 09:04:06 - INFO: 362,362,30.94,26.26,992.64,41.81
2020-04-15 09:04:16 - INFO: 363,363,30.4,26.29,992.65,42.3
2020-04-15 09:04:26 - INFO: 364,364,30.4,26.27,992.63,42.52
2020-04-15 09:04:36 - INFO: 365,365,30.4,26.27,992.64,43.36
2020-04-15 09:04:46 - INFO: 366,366,30.4,26.22,992.64,41.73
2020-04-15 09:04:56 - INFO: 367,367,29.86,26.29,992.64,42.25
2020-04-15 09:05:06 - INFO: 368,368,30.4,26.26,992.67,42.59
2020-04-15 09:05:17 - INFO: 369,369,30.4,26.26,992.65,42.29
2020-04-15 09:05:27 - INFO: 370,370,30.4,26.22,992.64,42.16
2020-04-15 09:05:37 - INFO: 371,371,30.4,26.18,992.67,42.39
2020-04-15 09:05:47 - INFO: 372,372,30.4,26.24,992.71,42.88
2020-04-15 09:05:57 - INFO: 373,373,30.4,26.29,992.7,41.06
2020-04-15 09:06:07 - INFO: 374,374,29.86,26.26,992.66,42.71
2020-04-15 09:06:17 - INFO: 375,375,30.94,26.24,992.64,42.29
2020-04-15 09:06:28 - INFO: 376,376,30.4,26.29,992.64,41.88
2020-04-15 09:06:38 - INFO: 377,377,30.4,26.27,992.63,42.1
2020-04-15 09:06:48 - INFO: 378,378,30.94,26.22,992.63,42.38
2020-04-15 09:06:58 - INFO: 379,379,30.4,26.22,992.66,42.24
2020-04-15 09:07:08 - INFO: 380,380,30.4,26.33,992.68,42.67
2020-04-15 09:07:18 - INFO: 381,381,30.4,26.29,992.65,42.35
2020-04-15 09:07:28 - INFO: 382,382,30.4,26.17,992.65,41.88
2020-04-15 09:07:38 - INFO: 383,383,30.94,26.24,992.66,42.2
2020-04-15 09:07:49 - INFO: 384,384,30.4,26.26,992.66,42.19
2020-04-15 09:07:59 - INFO: 385,385,30.4,26.26,992.67,42.28
2020-04-15 09:08:09 - INFO: 386,386,30.94,26.31,992.67,42.45
2020-04-15 09:08:19 - INFO: 387,387,30.94,26.26,992.67,42.85
2020-04-15 09:08:29 - INFO: 388,388,30.4,26.2,992.68,42.18
2020-04-15 09:08:39 - INFO: 389,389,30.4,26.29,992.67,41.87
2020-04-15 09:08:49 - INFO: 390,390,30.4,26.22,992.7,42.11
2020-04-15 09:09:00 - INFO: 391,391,30.4,26.22,992.7,41.77
2020-04-15 09:09:10 - INFO: 392,392,30.4,26.22,992.73,42.12
2020-04-15 09:09:20 - INFO: 393,393,30.94,26.26,992.67,42.49
2020-04-15 09:09:30 - INFO: 394,394,30.4,26.29,992.67,42.65
2020-04-15 09:09:40 - INFO: 395,395,30.4,26.31,992.69,42.06
2020-04-15 09:09:50 - INFO: 396,396,30.4,26.29,992.66,42.24
2020-04-15 09:10:00 - INFO: 397,397,30.4,26.36,992.67,41.87
2020-04-15 09:10:10 - INFO: 398,398,30.4,26.22,992.69,41.89
2020-04-15 09:10:20 - INFO: 399,399,29.86,26.22,992.68,41.75
2020-04-15 09:10:31 - INFO: 400,400,30.4,26.27,992.67,42.25
2020-04-15 09:10:41 - INFO: 401,401,30.4,26.15,992.68,41.85
2020-04-15 09:10:51 - INFO: 402,402,30.4,26.22,992.69,41.78
2020-04-15 09:11:01 - INFO: 403,403,30.4,26.26,992.67,41.81
2020-04-15 09:11:11 - INFO: 404,404,30.4,26.24,992.68,41.24
2020-04-15 09:11:21 - INFO: 405,405,30.4,26.36,992.67,42.38
2020-04-15 09:11:31 - INFO: 406,406,30.4,26.18,992.67,41.92
2020-04-15 09:11:41 - INFO: 407,407,30.4,26.31,992.68,42.31
2020-04-15 09:11:52 - INFO: 408,408,30.4,26.17,992.66,42.29
2020-04-15 09:12:02 - INFO: 409,409,30.94,26.26,992.69,42.03
2020-04-15 09:12:12 - INFO: 410,410,30.4,26.13,992.72,41.83
2020-04-15 09:12:22 - INFO: 411,411,30.4,26.26,992.66,42.05
2020-04-15 09:12:32 - INFO: 412,412,30.4,26.33,992.67,42.09
2020-04-15 09:12:42 - INFO: 413,413,29.86,26.27,992.68,42.31
2020-04-15 09:12:52 - INFO: 414,414,30.4,26.24,992.72,42.04
2020-04-15 09:13:02 - INFO: 415,415,30.94,26.22,992.69,42.02
2020-04-15 09:13:13 - INFO: 416,416,29.86,26.22,992.7,42.93
2020-04-15 09:13:23 - INFO: 417,417,30.4,26.26,992.68,40.9
2020-04-15 09:13:33 - INFO: 418,418,30.4,26.27,992.72,41.81
2020-04-15 09:13:43 - INFO: 419,419,30.4,26.2,992.7,42.08
2020-04-15 09:13:53 - INFO: 420,420,30.94,26.27,992.72,42.45
2020-04-15 09:14:03 - INFO: 421,421,30.4,26.18,992.69,42.13
2020-04-15 09:14:13 - INFO: 422,422,29.86,26.36,992.75,42.24
2020-04-15 09:14:23 - INFO: 423,423,30.94,26.2,992.73,42.5
2020-04-15 09:14:34 - INFO: 424,424,30.4,26.29,992.69,42.22
2020-04-15 09:14:44 - INFO: 425,425,30.4,26.18,992.73,41.36
2020-04-15 09:14:54 - INFO: 426,426,29.86,26.15,992.69,42.0
2020-04-15 09:15:04 - INFO: 427,427,30.4,26.15,992.74,42.04
2020-04-15 09:15:14 - INFO: 428,428,30.4,26.27,992.74,41.61
2020-04-15 09:15:24 - INFO: 429,429,30.4,26.22,992.66,41.73
2020-04-15 09:15:34 - INFO: 430,430,30.4,26.36,992.66,42.2
2020-04-15 09:15:44 - INFO: 431,431,30.4,26.22,992.66,42.18
2020-04-15 09:15:55 - INFO: 432,432,30.4,26.29,992.75,42.21
2020-04-15 09:16:05 - INFO: 433,433,29.86,26.24,992.68,42.12
2020-04-15 09:16:15 - INFO: 434,434,29.86,26.17,992.71,42.07
2020-04-15 09:16:25 - INFO: 435,435,30.4,26.18,992.68,41.72
2020-04-15 09:16:35 - INFO: 436,436,30.94,26.29,992.67,41.97
2020-04-15 09:16:45 - INFO: 437,437,30.4,26.31,992.7,41.38
2020-04-15 09:16:55 - INFO: 438,438,30.4,26.35,992.69,41.62
2020-04-15 09:17:05 - INFO: 439,439,30.4,26.36,992.68,42.79
2020-04-15 09:17:16 - INFO: 440,440,30.4,26.31,992.7,41.98
2020-04-15 09:17:26 - INFO: 441,441,30.4,26.36,992.69,42.12
2020-04-15 09:17:36 - INFO: 442,442,30.4,26.2,992.69,41.97
2020-04-15 09:17:46 - INFO: 443,443,29.86,26.26,992.69,42.07
2020-04-15 09:17:56 - INFO: 444,444,30.4,26.2,992.69,42.2
2020-04-15 09:18:06 - INFO: 445,445,30.4,26.31,992.7,42.01
2020-04-15 09:18:16 - INFO: 446,446,30.4,26.26,992.69,41.94
2020-04-15 09:18:26 - INFO: 447,447,29.86,26.26,992.75,41.85
2020-04-15 09:18:37 - INFO: 448,448,30.4,26.24,992.68,41.98
2020-04-15 09:18:47 - INFO: 449,449,30.4,26.22,992.7,41.92
2020-04-15 09:18:57 - INFO: 450,450,30.4,26.27,992.73,41.84
2020-04-15 09:19:07 - INFO: 451,451,30.4,26.27,992.68,42.19
2020-04-15 09:19:17 - INFO: 452,452,30.4,26.26,992.7,41.68
2020-04-15 09:19:27 - INFO: 453,453,30.4,26.18,992.72,41.68
2020-04-15 09:19:37 - INFO: 454,454,30.94,26.33,992.7,42.42
2020-04-15 09:19:47 - INFO: 455,455,30.4,26.35,992.7,42.19
2020-04-15 09:19:58 - INFO: 456,456,30.4,26.36,992.71,42.44
2020-04-15 09:20:08 - INFO: 457,457,30.4,26.22,992.67,42.04
2020-04-15 09:20:18 - INFO: 458,458,30.4,26.22,992.68,42.17
2020-04-15 09:20:28 - INFO: 459,459,29.86,26.18,992.74,41.59
2020-04-15 09:20:38 - INFO: 460,460,30.4,26.24,992.71,41.91
2020-04-15 09:20:48 - INFO: 461,461,30.4,26.22,992.71,42.3
2020-04-15 09:20:58 - INFO: 462,462,30.4,26.38,992.71,41.67
2020-04-15 09:21:08 - INFO: 463,463,30.4,26.2,992.74,42.22
2020-04-15 09:21:19 - INFO: 464,464,30.4,26.27,992.7,42.53
2020-04-15 09:21:29 - INFO: 465,465,29.86,26.18,992.74,42.07
2020-04-15 09:21:39 - INFO: 466,466,30.4,26.24,992.74,41.91
2020-04-15 09:21:49 - INFO: 467,467,30.4,26.24,992.72,42.0
2020-04-15 09:21:59 - INFO: 468,468,30.4,26.26,992.78,42.13
2020-04-15 09:22:09 - INFO: 469,469,29.86,26.31,992.73,41.99
2020-04-15 09:22:19 - INFO: 470,470,30.4,26.31,992.77,42.25
2020-04-15 09:22:29 - INFO: 471,471,30.94,26.27,992.73,42.34
2020-04-15 09:22:40 - INFO: 472,472,30.4,26.36,992.72,41.54
2020-04-15 09:22:50 - INFO: 473,473,30.4,26.35,992.72,41.73
2020-04-15 09:23:00 - INFO: 474,474,30.4,26.26,992.76,41.98
2020-04-15 09:23:10 - INFO: 475,475,30.4,26.31,992.75,41.87
2020-04-15 09:23:20 - INFO: 476,476,30.4,26.27,992.71,42.33
2020-04-15 09:23:30 - INFO: 477,477,30.4,26.36,992.74,42.77
2020-04-15 09:23:40 - INFO: 478,478,30.4,26.33,992.71,42.71
2020-04-15 09:23:50 - INFO: 479,479,30.4,26.26,992.7,42.49
2020-04-15 09:24:01 - INFO: 480,480,30.4,26.26,992.75,42.29
2020-04-15 09:24:11 - INFO: 481,481,30.4,26.17,992.73,41.67
2020-04-15 09:24:21 - INFO: 482,482,30.4,26.31,992.72,42.23
2020-04-15 09:24:31 - INFO: 483,483,30.4,26.26,992.7,41.71
2020-04-15 09:24:41 - INFO: 484,484,30.94,26.31,992.71,41.88
2020-04-15 09:24:51 - INFO: 485,485,30.4,26.4,992.7,42.06
2020-04-15 09:25:01 - INFO: 486,486,30.4,26.29,992.75,41.96
2020-04-15 09:25:11 - INFO: 487,487,30.4,26.24,992.77,42.04
2020-04-15 09:25:22 - INFO: 488,488,30.94,26.33,992.72,42.16
2020-04-15 09:25:32 - INFO: 489,489,30.4,26.36,992.75,43.23
2020-04-15 09:25:42 - INFO: 490,490,30.4,26.26,992.71,41.92
2020-04-15 09:25:52 - INFO: 491,491,30.4,26.27,992.75,42.32
2020-04-15 09:26:02 - INFO: 492,492,30.4,26.31,992.68,42.56
2020-04-15 09:26:12 - INFO: 493,493,30.4,26.31,992.71,42.59
2020-04-15 09:26:22 - INFO: 494,494,30.4,26.36,992.77,41.82
2020-04-15 09:26:32 - INFO: 495,495,30.4,26.36,992.69,41.9
2020-04-15 09:26:43 - INFO: 496,496,30.4,26.31,992.7,41.89
2020-04-15 09:26:53 - INFO: 497,497,30.4,26.24,992.72,42.14
2020-04-15 09:27:03 - INFO: 498,498,30.4,26.36,992.74,41.86
2020-04-15 09:27:13 - INFO: 499,499,30.4,26.27,992.73,42.25
2020-04-15 09:27:23 - INFO: 500,500,29.86,26.29,992.7,41.34
2020-04-15 09:27:33 - INFO: 501,501,30.4,26.31,992.72,42.8
2020-04-15 09:27:43 - INFO: 502,502,30.4,26.29,992.71,41.86
2020-04-15 09:27:53 - INFO: 503,503,30.4,26.33,992.72,41.81
2020-04-15 09:28:04 - INFO: 504,504,30.4,26.27,992.73,41.84
2020-04-15 09:28:14 - INFO: 505,505,30.4,26.18,992.7,41.82
2020-04-15 09:28:24 - INFO: 506,506,30.4,26.35,992.76,41.86
2020-04-15 09:28:34 - INFO: 507,507,30.4,26.31,992.69,41.96
2020-04-15 09:28:44 - INFO: 508,508,30.4,26.26,992.71,42.56
2020-04-15 09:28:54 - INFO: 509,509,30.4,26.2,992.74,42.07
2020-04-15 09:29:04 - INFO: 510,510,30.4,26.31,992.7,41.99
2020-04-15 09:29:14 - INFO: 511,511,29.86,26.31,992.72,41.7
2020-04-15 09:29:25 - INFO: 512,512,30.4,26.45,992.7,42.06
2020-04-15 09:29:35 - INFO: 513,513,30.4,26.27,992.73,42.29
2020-04-15 09:29:45 - INFO: 514,514,30.4,26.29,992.69,41.45
2020-04-15 09:29:55 - INFO: 515,515,30.4,26.26,992.7,41.43
2020-04-15 09:30:05 - INFO: 516,516,30.4,26.44,992.76,41.82
2020-04-15 09:30:15 - INFO: 517,517,30.4,26.22,992.7,41.64
2020-04-15 09:30:25 - INFO: 518,518,30.4,26.26,992.73,42.04
2020-04-15 09:30:35 - INFO: 519,519,29.86,26.24,992.7,40.93
2020-04-15 09:30:46 - INFO: 520,520,30.4,26.33,992.75,42.5
2020-04-15 09:30:56 - INFO: 521,521,30.4,26.24,992.7,42.58
2020-04-15 09:31:06 - INFO: 522,522,30.4,26.26,992.7,41.52
2020-04-15 09:31:16 - INFO: 523,523,30.4,26.26,992.7,41.64
2020-04-15 09:31:26 - INFO: 524,524,30.4,26.2,992.71,42.18
2020-04-15 09:31:36 - INFO: 525,525,30.4,26.36,992.76,41.82
2020-04-15 09:31:46 - INFO: 526,526,30.4,26.33,992.69,42.25
2020-04-15 09:31:56 - INFO: 527,527,30.94,26.38,992.69,42.03
2020-04-15 09:32:07 - INFO: 528,528,29.86,26.24,992.7,41.67
2020-04-15 09:32:17 - INFO: 529,529,30.94,26.35,992.67,41.59
2020-04-15 09:32:27 - INFO: 530,530,30.4,26.29,992.73,41.94
2020-04-15 09:32:37 - INFO: 531,531,30.94,26.36,992.72,41.87
2020-04-15 09:32:47 - INFO: 532,532,30.94,26.27,992.73,42.05
2020-04-15 09:32:57 - INFO: 533,533,30.4,26.31,992.71,41.74
2020-04-15 09:33:07 - INFO: 534,534,30.4,26.33,992.69,42.06
2020-04-15 09:33:17 - INFO: 535,535,30.4,26.26,992.71,41.98
2020-04-15 09:33:28 - INFO: 536,536,30.4,26.29,992.68,41.52
2020-04-15 09:33:38 - INFO: 537,537,29.86,26.27,992.77,42.07
2020-04-15 09:33:48 - INFO: 538,538,30.4,26.24,992.74,41.96
2020-04-15 09:33:58 - INFO: 539,539,30.4,26.35,992.76,41.63
2020-04-15 09:34:08 - INFO: 540,540,30.4,26.29,992.74,41.48
2020-04-15 09:34:18 - INFO: 541,541,30.4,26.22,992.72,41.58
2020-04-15 09:34:28 - INFO: 542,542,30.94,26.27,992.72,41.68
2020-04-15 09:34:38 - INFO: 543,543,30.4,26.29,992.76,42.2
2020-04-15 09:34:49 - INFO: 544,544,30.4,26.24,992.73,42.73
2020-04-15 09:34:59 - INFO: 545,545,30.4,26.35,992.71,41.3
2020-04-15 09:35:09 - INFO: 546,546,30.4,26.18,992.77,41.29
2020-04-15 09:35:19 - INFO: 547,547,30.94,26.17,992.72,42.27
2020-04-15 09:35:29 - INFO: 548,548,29.32,26.33,992.75,41.76
2020-04-15 09:35:39 - INFO: 549,549,30.4,26.27,992.73,41.71
2020-04-15 09:35:49 - INFO: 550,550,30.4,26.2,992.7,41.6
2020-04-15 09:35:59 - INFO: 551,551,30.94,26.26,992.72,41.68
2020-04-15 09:36:10 - INFO: 552,552,30.4,26.24,992.72,41.82
2020-04-15 09:36:20 - INFO: 553,553,30.4,26.26,992.73,41.66
2020-04-15 09:36:30 - INFO: 554,554,30.4,26.17,992.69,42.47
2020-04-15 09:36:40 - INFO: 555,555,30.4,26.22,992.73,42.44
2020-04-15 09:36:50 - INFO: 556,556,30.4,26.33,992.75,41.07
2020-04-15 09:37:00 - INFO: 557,557,30.4,26.35,992.72,41.74
2020-04-15 09:37:10 - INFO: 558,558,30.4,26.35,992.75,41.96
2020-04-15 09:37:20 - INFO: 559,559,30.4,26.26,992.69,42.01
2020-04-15 09:37:31 - INFO: 560,560,30.4,26.33,992.7,41.85
2020-04-15 09:37:41 - INFO: 561,561,30.4,26.26,992.71,41.95
2020-04-15 09:37:51 - INFO: 562,562,30.4,26.31,992.72,41.79
2020-04-15 09:38:01 - INFO: 563,563,29.86,26.31,992.7,41.83
2020-04-15 09:38:11 - INFO: 564,564,30.4,26.27,992.7,42.38
2020-04-15 09:38:21 - INFO: 565,565,29.86,26.27,992.7,42.31
2020-04-15 09:38:31 - INFO: 566,566,30.4,26.24,992.77,42.15
2020-04-15 09:38:41 - INFO: 567,567,30.4,26.22,992.72,41.81
2020-04-15 09:38:51 - INFO: 568,568,30.94,26.33,992.71,41.92
2020-04-15 09:39:02 - INFO: 569,569,30.4,26.29,992.7,41.88
2020-04-15 09:39:12 - INFO: 570,570,30.4,26.31,992.73,42.18
2020-04-15 09:39:22 - INFO: 571,571,30.4,26.33,992.78,42.28
2020-04-15 09:39:32 - INFO: 572,572,30.4,26.2,992.71,42.14
2020-04-15 09:39:42 - INFO: 573,573,30.94,26.15,992.7,41.49
2020-04-15 09:39:52 - INFO: 574,574,30.4,26.26,992.74,41.3
2020-04-15 09:40:02 - INFO: 575,575,30.4,26.06,992.77,41.98
2020-04-15 09:40:13 - INFO: 576,576,30.4,26.29,992.81,41.78
2020-04-15 09:40:23 - INFO: 577,577,30.4,26.31,992.73,41.88
2020-04-15 09:40:33 - INFO: 578,578,30.4,26.31,992.75,42.03
2020-04-15 09:40:43 - INFO: 579,579,30.4,26.29,992.72,40.73
2020-04-15 09:40:53 - INFO: 580,580,30.4,26.24,992.73,41.92
2020-04-15 09:41:03 - INFO: 581,581,30.4,26.17,992.75,42.24
2020-04-15 09:41:13 - INFO: 582,582,30.4,26.24,992.77,41.77
2020-04-15 09:41:23 - INFO: 583,583,30.4,26.22,992.77,41.71
2020-04-15 09:41:34 - INFO: 584,584,30.4,26.17,992.74,42.3
2020-04-15 09:41:44 - INFO: 585,585,29.86,26.26,992.74,42.15
2020-04-15 09:41:54 - INFO: 586,586,30.4,26.24,992.81,42.64
2020-04-15 09:42:04 - INFO: 587,587,30.4,26.22,992.74,41.92
2020-04-15 09:42:14 - INFO: 588,588,30.4,26.24,992.76,42.39
2020-04-15 09:42:24 - INFO: 589,589,30.4,26.29,992.84,42.01
2020-04-15 09:42:34 - INFO: 590,590,30.4,26.2,992.78,42.11
2020-04-15 09:42:44 - INFO: 591,591,30.4,26.26,992.81,42.07
2020-04-15 09:42:55 - INFO: 592,592,30.94,26.35,992.79,42.03
2020-04-15 09:43:05 - INFO: 593,593,30.94,26.18,992.77,41.88
2020-04-15 09:43:15 - INFO: 594,594,30.4,26.27,992.75,42.19
2020-04-15 09:43:25 - INFO: 595,595,30.4,26.26,992.83,42.95
2020-04-15 09:43:35 - INFO: 596,596,30.4,26.22,992.77,42.9
2020-04-15 09:43:45 - INFO: 597,597,30.4,26.24,992.77,42.45
2020-04-15 09:43:55 - INFO: 598,598,30.4,26.22,992.8,41.74
2020-04-15 09:44:05 - INFO: 599,599,29.86,26.22,992.78,42.05
2020-04-15 09:44:16 - INFO: 600,600,30.4,26.2,992.79,41.77
2020-04-15 09:44:26 - INFO: 601,601,30.94,26.17,992.77,42.06
2020-04-15 09:44:36 - INFO: 602,602,30.4,26.22,992.78,42.04
2020-04-15 09:44:46 - INFO: 603,603,30.4,26.29,992.76,41.91
2020-04-15 09:44:56 - INFO: 604,604,30.4,26.26,992.79,42.32
2020-04-15 09:45:06 - INFO: 605,605,30.4,26.27,992.83,42.38
2020-04-15 09:45:16 - INFO: 606,606,30.4,26.24,992.78,42.24
2020-04-15 09:45:26 - INFO: 607,607,29.86,26.31,992.81,41.95
2020-04-15 09:45:37 - INFO: 608,608,30.4,26.2,992.79,42.14
2020-04-15 09:45:47 - INFO: 609,609,30.4,26.27,992.82,42.22
2020-04-15 09:45:57 - INFO: 610,610,30.4,26.27,992.76,42.33
2020-04-15 09:46:07 - INFO: 611,611,30.4,26.2,992.79,42.45
2020-04-15 09:46:17 - INFO: 612,612,30.4,26.18,992.77,42.1
2020-04-15 09:46:27 - INFO: 613,613,30.4,26.22,992.77,42.18
2020-04-15 09:46:37 - INFO: 614,614,30.4,26.18,992.76,41.79
2020-04-15 09:46:47 - INFO: 615,615,30.4,26.18,992.78,41.58
2020-04-15 09:46:58 - INFO: 616,616,30.94,26.27,992.74,41.35
2020-04-15 09:47:08 - INFO: 617,617,30.94,26.33,992.76,42.74
2020-04-15 09:47:18 - INFO: 618,618,30.4,26.24,992.77,42.12
2020-04-15 09:47:28 - INFO: 619,619,29.86,26.18,992.8,42.4
2020-04-15 09:47:38 - INFO: 620,620,30.4,26.17,992.79,42.47
2020-04-15 09:47:48 - INFO: 621,621,30.4,26.24,992.79,42.31
2020-04-15 09:47:58 - INFO: 622,622,30.4,26.22,992.79,42.41
2020-04-15 09:48:08 - INFO: 623,623,30.4,26.26,992.8,42.24
2020-04-15 09:48:19 - INFO: 624,624,30.94,26.22,992.8,41.66
2020-04-15 09:48:29 - INFO: 625,625,30.4,26.29,992.8,42.17
2020-04-15 09:48:39 - INFO: 626,626,30.4,26.35,992.81,42.09
2020-04-15 09:48:49 - INFO: 627,627,30.4,26.26,992.81,41.9
2020-04-15 09:48:59 - INFO: 628,628,30.4,26.26,992.8,41.78
2020-04-15 09:49:09 - INFO: 629,629,30.4,26.27,992.8,41.2
2020-04-15 09:49:19 - INFO: 630,630,30.4,26.31,992.78,41.99
2020-04-15 09:49:29 - INFO: 631,631,29.86,26.29,992.82,41.61
2020-04-15 09:49:40 - INFO: 632,632,30.4,26.27,992.81,42.13
2020-04-15 09:49:50 - INFO: 633,633,30.4,26.22,992.81,42.15
2020-04-15 09:50:00 - INFO: 634,634,30.4,26.11,992.82,41.91
2020-04-15 09:50:10 - INFO: 635,635,30.4,26.36,992.85,42.13
2020-04-15 09:50:20 - INFO: 636,636,30.94,26.2,992.84,42.29
2020-04-15 09:50:30 - INFO: 637,637,30.94,26.17,992.83,42.32
2020-04-15 09:50:40 - INFO: 638,638,30.4,26.27,992.78,42.12
2020-04-15 09:50:50 - INFO: 639,639,30.4,26.2,992.84,42.36
2020-04-15 09:51:01 - INFO: 640,640,30.4,26.35,992.79,43.02
2020-04-15 09:51:11 - INFO: 641,641,30.4,26.22,992.82,41.57
2020-04-15 09:51:21 - INFO: 642,642,30.4,26.22,992.85,42.2
2020-04-15 09:51:31 - INFO: 643,643,30.94,26.31,992.81,42.2
2020-04-15 09:51:41 - INFO: 644,644,30.4,26.24,992.86,42.31
2020-04-15 09:51:51 - INFO: 645,645,30.4,26.35,992.8,42.39
2020-04-15 09:52:01 - INFO: 646,646,30.4,26.15,992.79,42.27
2020-04-15 09:52:11 - INFO: 647,647,30.4,26.31,992.8,42.42
2020-04-15 09:52:21 - INFO: 648,648,30.4,26.35,992.79,42.19
2020-04-15 09:52:32 - INFO: 649,649,30.4,26.26,992.82,41.99
2020-04-15 09:52:42 - INFO: 650,650,30.4,26.31,992.8,42.12
2020-04-15 09:52:52 - INFO: 651,651,29.86,26.18,992.81,41.95
2020-04-15 09:53:02 - INFO: 652,652,30.4,26.24,992.89,42.51
2020-04-15 09:53:12 - INFO: 653,653,30.4,26.4,992.8,41.56
2020-04-15 09:53:22 - INFO: 654,654,30.4,26.17,992.79,41.82
2020-04-15 09:53:32 - INFO: 655,655,30.4,26.15,992.81,42.09
2020-04-15 09:53:42 - INFO: 656,656,30.4,26.27,992.8,42.33
2020-04-15 09:53:53 - INFO: 657,657,30.4,26.35,992.83,42.28
2020-04-15 09:54:03 - INFO: 658,658,30.4,26.22,992.81,42.31
2020-04-15 09:54:13 - INFO: 659,659,30.94,26.33,992.81,43.01
2020-04-15 09:54:23 - INFO: 660,660,30.4,26.33,992.81,42.29
2020-04-15 09:54:33 - INFO: 661,661,30.4,26.31,992.82,42.48
2020-04-15 09:54:43 - INFO: 662,662,30.4,26.27,992.85,42.09
2020-04-15 09:54:53 - INFO: 663,663,30.94,26.17,992.82,42.17
2020-04-15 09:55:03 - INFO: 664,664,30.94,26.27,992.82,42.03
2020-04-15 09:55:14 - INFO: 665,665,30.4,26.26,992.87,42.17
2020-04-15 09:55:24 - INFO: 666,666,30.4,26.27,992.81,41.82
2020-04-15 09:55:34 - INFO: 667,667,30.4,26.22,992.82,41.88
2020-04-15 09:55:44 - INFO: 668,668,29.86,26.35,992.85,42.42
2020-04-15 09:55:54 - INFO: 669,669,30.4,26.33,992.9,42.19
2020-04-15 09:56:04 - INFO: 670,670,30.94,26.31,992.89,41.67
2020-04-15 09:56:14 - INFO: 671,671,30.94,26.27,992.83,42.09
2020-04-15 09:56:25 - INFO: 672,672,30.4,26.27,992.81,42.1
2020-04-15 09:56:35 - INFO: 673,673,30.4,26.27,992.84,42.15
2020-04-15 09:56:45 - INFO: 674,674,30.4,26.33,992.81,42.1
2020-04-15 09:56:55 - INFO: 675,675,30.4,26.35,992.82,42.17
2020-04-15 09:57:05 - INFO: 676,676,30.4,26.35,992.85,42.01
2020-04-15 09:57:15 - INFO: 677,677,30.4,26.31,992.89,42.15
2020-04-15 09:57:25 - INFO: 678,678,30.4,26.27,992.87,42.27
2020-04-15 09:57:35 - INFO: 679,679,30.4,26.29,992.89,42.16
2020-04-15 09:57:46 - INFO: 680,680,30.4,26.35,992.83,41.93
2020-04-15 09:57:56 - INFO: 681,681,30.4,26.26,992.81,41.99
2020-04-15 09:58:06 - INFO: 682,682,30.94,26.31,992.84,42.27
2020-04-15 09:58:16 - INFO: 683,683,30.4,26.29,992.85,42.41
2020-04-15 09:58:26 - INFO: 684,684,30.4,26.29,992.81,42.63
2020-04-15 09:58:36 - INFO: 685,685,30.4,26.42,992.86,42.05
2020-04-15 09:58:46 - INFO: 686,686,30.4,26.33,992.85,42.04
2020-04-15 09:58:56 - INFO: 687,687,30.4,26.31,992.83,42.47
2020-04-15 09:59:07 - INFO: 688,688,30.4,26.27,992.81,42.65
2020-04-15 09:59:17 - INFO: 689,689,30.4,26.26,992.85,42.36
2020-04-15 09:59:27 - INFO: 690,690,30.4,26.31,992.81,42.92
2020-04-15 09:59:37 - INFO: 691,691,30.4,26.29,992.82,41.86
2020-04-15 09:59:47 - INFO: 692,692,29.86,26.33,992.83,43.3
2020-04-15 09:59:57 - INFO: 693,693,30.4,26.33,992.83,41.77
2020-04-15 10:00:07 - INFO: 694,694,30.4,26.42,992.81,41.88
2020-04-15 10:00:18 - INFO: 695,695,30.94,26.33,992.82,42.05
2020-04-15 10:00:28 - INFO: 696,696,30.4,26.22,992.84,42.12
2020-04-15 10:00:38 - INFO: 697,697,30.4,26.26,992.86,42.19
2020-04-15 10:00:48 - INFO: 698,698,30.4,26.29,992.9,42.03
2020-04-15 10:00:58 - INFO: 699,699,30.4,26.33,992.86,42.35
2020-04-15 10:01:08 - INFO: 700,700,29.86,26.26,992.83,41.98
2020-04-15 10:01:18 - INFO: 701,701,30.4,26.35,992.83,42.27
2020-04-15 10:01:28 - INFO: 702,702,30.94,26.27,992.81,41.99
2020-04-15 10:01:38 - INFO: 703,703,30.4,26.24,992.83,41.95
2020-04-15 10:01:49 - INFO: 704,704,30.4,26.33,992.9,42.53
2020-04-15 10:01:59 - INFO: 705,705,30.94,26.27,992.88,42.14
2020-04-15 10:02:09 - INFO: 706,706,30.4,26.26,992.87,42.22
2020-04-15 10:02:19 - INFO: 707,707,30.4,26.27,992.84,42.29
2020-04-15 10:02:29 - INFO: 708,708,30.4,26.31,992.83,42.5
2020-04-15 10:02:39 - INFO: 709,709,30.94,26.27,992.84,42.34
2020-04-15 10:02:49 - INFO: 710,710,30.4,26.36,992.83,42.21
2020-04-15 10:02:59 - INFO: 711,711,30.4,26.33,992.82,42.16
2020-04-15 10:03:10 - INFO: 712,712,30.4,26.33,992.85,41.97
2020-04-15 10:03:20 - INFO: 713,713,30.4,26.24,992.81,42.88
2020-04-15 10:03:30 - INFO: 714,714,30.4,26.29,992.89,41.79
2020-04-15 10:03:40 - INFO: 715,715,30.4,26.33,992.84,42.66
2020-04-15 10:03:50 - INFO: 716,716,30.4,26.26,992.85,42.05
2020-04-15 10:04:00 - INFO: 717,717,30.4,26.31,992.89,42.43
2020-04-15 10:04:10 - INFO: 718,718,30.94,26.4,992.89,42.01
2020-04-15 10:04:20 - INFO: 719,719,30.4,26.35,992.85,42.19
2020-04-15 10:04:31 - INFO: 720,720,29.86,26.38,992.89,42.05
2020-04-15 10:04:41 - INFO: 721,721,30.4,26.4,992.87,42.08
2020-04-15 10:04:51 - INFO: 722,722,30.4,26.26,992.87,42.38
2020-04-15 10:05:01 - INFO: 723,723,30.4,26.35,992.9,42.19
2020-04-15 10:05:11 - INFO: 724,724,30.4,26.4,992.84,42.44
2020-04-15 10:05:21 - INFO: 725,725,30.4,26.33,992.85,43.0
2020-04-15 10:05:31 - INFO: 726,726,30.4,26.4,992.86,43.47
2020-04-15 10:05:41 - INFO: 727,727,30.4,26.22,992.87,42.97
2020-04-15 10:05:51 - INFO: 728,728,30.4,26.31,992.92,42.5
2020-04-15 10:06:02 - INFO: 729,729,29.86,26.38,992.94,42.08
2020-04-15 10:06:12 - INFO: 730,730,30.4,26.31,992.86,42.27
2020-04-15 10:06:22 - INFO: 731,731,29.86,26.33,992.89,42.25
2020-04-15 10:06:32 - INFO: 732,732,30.4,26.29,992.9,41.87
2020-04-15 10:06:42 - INFO: 733,733,30.4,26.24,992.85,41.99
2020-04-15 10:06:52 - INFO: 734,734,30.94,26.31,992.88,41.99
2020-04-15 10:07:02 - INFO: 735,735,30.4,26.33,992.9,44.45
2020-04-15 10:07:12 - INFO: 736,736,30.4,26.31,992.89,43.63
2020-04-15 10:07:23 - INFO: 737,737,30.4,26.35,992.9,42.45
2020-04-15 10:07:33 - INFO: 738,738,30.4,26.44,992.84,41.66
2020-04-15 10:07:43 - INFO: 739,739,30.4,26.33,992.87,42.41
2020-04-15 10:07:53 - INFO: 740,740,30.4,26.27,992.84,42.53
2020-04-15 10:08:03 - INFO: 741,741,30.4,26.29,992.85,42.18
2020-04-15 10:08:13 - INFO: 742,742,30.4,26.31,992.85,42.61
2020-04-15 10:08:23 - INFO: 743,743,30.4,26.33,992.84,42.42
2020-04-15 10:08:33 - INFO: 744,744,30.4,26.26,992.84,42.34
2020-04-15 10:08:44 - INFO: 745,745,30.94,26.22,992.86,42.07
2020-04-15 10:08:54 - INFO: 746,746,29.86,26.33,992.87,42.31
2020-04-15 10:09:04 - INFO: 747,747,30.4,26.31,992.87,40.97
2020-04-15 10:09:14 - INFO: 748,748,30.4,26.35,992.86,42.19
2020-04-15 10:09:24 - INFO: 749,749,30.4,26.36,992.89,41.97
2020-04-15 10:09:34 - INFO: 750,750,30.4,26.29,992.89,41.84
2020-04-15 10:09:44 - INFO: 751,751,30.4,26.29,992.87,42.25
2020-04-15 10:09:54 - INFO: 752,752,30.4,26.27,992.88,42.23
2020-04-15 10:10:05 - INFO: 753,753,30.4,26.38,992.89,42.6
2020-04-15 10:10:15 - INFO: 754,754,30.4,26.33,992.88,42.33
2020-04-15 10:10:25 - INFO: 755,755,30.4,26.31,992.89,42.05
2020-04-15 10:10:35 - INFO: 756,756,30.4,26.33,992.83,42.29
2020-04-15 10:10:45 - INFO: 757,757,30.4,26.35,992.93,42.9
2020-04-15 10:10:55 - INFO: 758,758,30.4,26.33,992.9,43.03
2020-04-15 10:11:05 - INFO: 759,759,30.4,26.18,992.9,41.91
2020-04-15 10:11:15 - INFO: 760,760,30.4,26.38,992.88,42.31
2020-04-15 10:11:26 - INFO: 761,761,30.4,26.36,992.92,42.06
2020-04-15 10:11:36 - INFO: 762,762,30.4,26.22,992.89,42.1
2020-04-15 10:11:46 - INFO: 763,763,30.4,26.35,992.88,42.39
2020-04-15 10:11:56 - INFO: 764,764,30.4,26.31,992.89,42.76
2020-04-15 10:12:06 - INFO: 765,765,30.4,26.27,992.87,43.85
2020-04-15 10:12:16 - INFO: 766,766,30.4,26.35,992.89,42.24
2020-04-15 10:12:26 - INFO: 767,767,30.4,26.35,992.95,42.26
2020-04-15 10:12:36 - INFO: 768,768,30.4,26.26,992.9,42.15
2020-04-15 10:12:47 - INFO: 769,769,29.86,26.35,992.89,41.83
2020-04-15 10:12:57 - INFO: 770,770,30.4,26.33,992.88,41.81
2020-04-15 10:13:07 - INFO: 771,771,30.94,26.35,992.87,41.93
2020-04-15 10:13:17 - INFO: 772,772,30.4,26.31,992.85,42.78
2020-04-15 10:13:27 - INFO: 773,773,30.4,26.42,992.87,42.06
2020-04-15 10:13:37 - INFO: 774,774,30.4,26.4,992.9,41.45
2020-04-15 10:13:47 - INFO: 775,775,30.4,26.29,992.93,41.93
2020-04-15 10:13:57 - INFO: 776,776,30.94,26.27,992.9,42.6
2020-04-15 10:14:08 - INFO: 777,777,30.4,26.29,992.89,42.4
2020-04-15 10:14:18 - INFO: 778,778,29.86,26.31,992.92,42.22
2020-04-15 10:14:28 - INFO: 779,779,30.4,26.33,992.89,42.09
2020-04-15 10:14:38 - INFO: 780,780,29.86,26.29,992.91,42.28
2020-04-15 10:14:48 - INFO: 781,781,30.4,26.44,992.89,42.06
2020-04-15 10:14:58 - INFO: 782,782,30.94,26.38,992.93,41.99
2020-04-15 10:15:08 - INFO: 783,783,30.4,26.4,992.89,42.48
2020-04-15 10:15:18 - INFO: 784,784,29.86,26.27,992.93,42.53
2020-04-15 10:15:29 - INFO: 785,785,29.86,26.26,992.9,42.21
2020-04-15 10:15:39 - INFO: 786,786,30.4,26.33,992.91,42.19
2020-04-15 10:15:49 - INFO: 787,787,29.86,26.36,992.94,41.7
2020-04-15 10:15:59 - INFO: 788,788,30.4,26.27,992.91,42.54
2020-04-15 10:16:09 - INFO: 789,789,30.4,26.36,992.96,42.37
2020-04-15 10:16:19 - INFO: 790,790,30.4,26.24,992.89,42.64
2020-04-15 10:16:29 - INFO: 791,791,30.4,26.27,992.89,42.13
2020-04-15 10:16:39 - INFO: 792,792,30.4,26.35,992.88,42.38
2020-04-15 10:16:50 - INFO: 793,793,30.4,26.4,992.9,42.2
2020-04-15 10:17:00 - INFO: 794,794,30.4,26.31,992.95,42.49
2020-04-15 10:17:10 - INFO: 795,795,30.4,26.36,992.92,42.09
2020-04-15 10:17:20 - INFO: 796,796,30.94,26.29,992.92,42.09
2020-04-15 10:17:30 - INFO: 797,797,29.86,26.36,992.91,42.18
2020-04-15 10:17:40 - INFO: 798,798,30.4,26.31,992.91,42.1
2020-04-15 10:17:50 - INFO: 799,799,30.4,26.33,992.92,42.05
2020-04-15 10:18:00 - INFO: 800,800,30.4,26.38,992.89,42.18
2020-04-15 10:18:11 - INFO: 801,801,30.4,26.26,992.9,42.33
2020-04-15 10:18:21 - INFO: 802,802,30.4,26.42,992.94,42.24
2020-04-15 10:18:31 - INFO: 803,803,30.4,26.29,992.89,42.01
2020-04-15 10:18:41 - INFO: 804,804,30.4,26.4,992.91,42.01
2020-04-15 10:18:51 - INFO: 805,805,30.4,26.35,992.91,42.19
2020-04-15 10:19:01 - INFO: 806,806,30.94,26.27,992.95,42.48
2020-04-15 10:19:11 - INFO: 807,807,30.4,26.42,992.92,42.87
2020-04-15 10:19:21 - INFO: 808,808,30.4,26.31,992.92,42.25
2020-04-15 10:19:32 - INFO: 809,809,30.4,26.31,992.9,42.5
2020-04-15 10:19:42 - INFO: 810,810,30.4,26.33,992.92,42.09
2020-04-15 10:19:52 - INFO: 811,811,30.4,26.4,992.91,42.15
2020-04-15 10:20:02 - INFO: 812,812,30.94,26.36,992.92,42.38
2020-04-15 10:20:12 - INFO: 813,813,30.94,26.31,992.89,42.12
2020-04-15 10:20:22 - INFO: 814,814,30.4,26.33,992.94,42.3
2020-04-15 10:20:32 - INFO: 815,815,30.4,26.27,992.94,42.1
2020-04-15 10:20:42 - INFO: 816,816,30.4,26.35,992.91,42.52
2020-04-15 10:20:52 - INFO: 817,817,30.94,26.29,992.92,42.1
2020-04-15 10:21:03 - INFO: 818,818,30.94,26.36,992.9,42.28
2020-04-15 10:21:13 - INFO: 819,819,30.94,26.33,992.93,42.25
2020-04-15 10:21:23 - INFO: 820,820,30.4,26.31,992.92,41.46
2020-04-15 10:21:33 - INFO: 821,821,30.4,26.33,992.92,42.73
2020-04-15 10:21:43 - INFO: 822,822,30.4,26.42,992.94,43.23
2020-04-15 10:21:53 - INFO: 823,823,29.86,26.31,992.9,42.34
2020-04-15 10:22:03 - INFO: 824,824,30.4,26.38,992.89,42.19
2020-04-15 10:22:13 - INFO: 825,825,30.4,26.26,992.91,42.52
2020-04-15 10:22:24 - INFO: 826,826,30.94,26.36,992.95,42.37
2020-04-15 10:22:34 - INFO: 827,827,30.4,26.31,992.93,42.2
2020-04-15 10:22:44 - INFO: 828,828,30.4,26.29,992.9,41.97
2020-04-15 10:22:54 - INFO: 829,829,30.4,26.36,992.91,42.81
2020-04-15 10:23:04 - INFO: 830,830,30.4,26.33,992.93,42.44
2020-04-15 10:23:14 - INFO: 831,831,30.4,26.31,992.91,43.51
2020-04-15 10:23:24 - INFO: 832,832,30.4,26.42,992.93,42.11
2020-04-15 10:23:34 - INFO: 833,833,30.4,26.36,992.93,42.13
2020-04-15 10:23:45 - INFO: 834,834,30.4,26.4,992.98,42.43
2020-04-15 10:23:55 - INFO: 835,835,30.4,26.33,992.92,41.95
2020-04-15 10:24:05 - INFO: 836,836,30.4,26.36,992.95,42.09
2020-04-15 10:24:15 - INFO: 837,837,30.94,26.36,992.93,42.52
2020-04-15 10:24:25 - INFO: 838,838,30.4,26.42,992.9,41.43
2020-04-15 10:24:35 - INFO: 839,839,30.94,26.35,992.97,43.45
2020-04-15 10:24:45 - INFO: 840,840,30.4,26.38,992.98,42.31
2020-04-15 10:24:55 - INFO: 841,841,30.4,26.35,992.91,42.2
2020-04-15 10:25:06 - INFO: 842,842,30.4,26.36,992.94,42.27
2020-04-15 10:25:16 - INFO: 843,843,30.4,26.27,992.96,42.47
2020-04-15 10:25:26 - INFO: 844,844,30.4,26.44,992.94,42.26
2020-04-15 10:25:36 - INFO: 845,845,30.4,26.29,992.95,41.9
2020-04-15 10:25:46 - INFO: 846,846,30.4,26.42,992.97,42.01
2020-04-15 10:25:56 - INFO: 847,847,30.94,26.26,992.96,42.12
2020-04-15 10:26:06 - INFO: 848,848,30.4,26.26,992.94,41.98
2020-04-15 10:26:16 - INFO: 849,849,30.4,26.27,992.94,42.36
2020-04-15 10:26:27 - INFO: 850,850,30.4,26.26,992.93,42.17
2020-04-15 10:26:37 - INFO: 851,851,30.4,26.26,993.02,42.36
2020-04-15 10:26:47 - INFO: 852,852,30.4,26.26,992.99,41.91
2020-04-15 10:26:57 - INFO: 853,853,29.86,26.36,992.97,41.96
2020-04-15 10:27:07 - INFO: 854,854,30.4,26.44,992.95,42.59
2020-04-15 10:27:17 - INFO: 855,855,30.4,26.27,992.95,41.43
2020-04-15 10:27:27 - INFO: 856,856,30.4,26.29,992.94,42.49
2020-04-15 10:27:37 - INFO: 857,857,30.4,26.27,993.0,42.3
2020-04-15 10:27:48 - INFO: 858,858,30.94,26.26,992.93,42.01
2020-04-15 10:27:58 - INFO: 859,859,30.4,26.22,992.95,41.91
2020-04-15 10:28:08 - INFO: 860,860,30.4,26.26,992.95,42.19
2020-04-15 10:28:18 - INFO: 861,861,30.94,26.24,992.92,42.28
2020-04-15 10:28:28 - INFO: 862,862,30.4,26.18,992.95,41.82
2020-04-15 10:28:38 - INFO: 863,863,30.4,26.27,992.98,42.07
2020-04-15 10:28:48 - INFO: 864,864,30.4,26.29,992.95,41.83
2020-04-15 10:28:58 - INFO: 865,865,30.4,26.4,992.97,42.05
2020-04-15 10:29:09 - INFO: 866,866,30.4,26.31,992.96,42.95
2020-04-15 10:29:19 - INFO: 867,867,30.94,26.38,992.94,42.5
2020-04-15 10:29:29 - INFO: 868,868,30.4,26.42,992.93,42.07
2020-04-15 10:29:39 - INFO: 869,869,30.4,26.35,992.95,42.31
2020-04-15 10:29:49 - INFO: 870,870,30.94,26.29,992.9,42.14
2020-04-15 10:29:59 - INFO: 871,871,30.4,26.35,992.95,42.18
2020-04-15 10:30:09 - INFO: 872,872,30.4,26.33,992.9,42.11
2020-04-15 10:30:19 - INFO: 873,873,30.94,26.31,992.91,42.25
2020-04-15 10:30:30 - INFO: 874,874,30.4,26.35,992.92,42.64
2020-04-15 10:30:40 - INFO: 875,875,30.94,26.42,992.93,42.14
2020-04-15 10:30:50 - INFO: 876,876,30.4,26.26,992.92,42.21
2020-04-15 10:31:00 - INFO: 877,877,30.4,26.35,992.92,42.22
2020-04-15 10:31:10 - INFO: 878,878,29.86,26.36,992.96,42.07
2020-04-15 10:31:20 - INFO: 879,879,30.4,26.4,992.92,42.22
2020-04-15 10:31:30 - INFO: 880,880,30.4,26.31,992.95,42.24
2020-04-15 10:31:40 - INFO: 881,881,30.4,26.35,992.93,42.22
2020-04-15 10:31:51 - INFO: 882,882,30.4,26.35,992.99,42.13
2020-04-15 10:32:01 - INFO: 883,883,30.4,26.36,992.96,42.71
2020-04-15 10:32:11 - INFO: 884,884,30.4,26.29,992.9,42.15
2020-04-15 10:32:21 - INFO: 885,885,30.4,26.31,992.93,41.28
2020-04-15 10:32:31 - INFO: 886,886,30.4,26.33,992.92,41.7
2020-04-15 10:32:41 - INFO: 887,887,29.86,26.36,992.92,42.15
2020-04-15 10:32:51 - INFO: 888,888,30.4,26.31,992.92,41.84
2020-04-15 10:33:01 - INFO: 889,889,30.4,26.36,992.91,42.27
2020-04-15 10:33:12 - INFO: 890,890,30.4,26.33,992.9,42.19
2020-04-15 10:33:22 - INFO: 891,891,30.4,26.38,992.9,42.5
2020-04-15 10:33:32 - INFO: 892,892,30.4,26.31,992.9,42.53
2020-04-15 10:33:42 - INFO: 893,893,30.94,26.26,992.93,42.22
2020-04-15 10:33:52 - INFO: 894,894,30.4,26.51,992.94,42.79
2020-04-15 10:34:02 - INFO: 895,895,30.4,26.42,992.92,42.32
2020-04-15 10:34:12 - INFO: 896,896,30.4,26.38,992.93,41.84
2020-04-15 10:34:22 - INFO: 897,897,29.86,26.33,992.93,41.87
2020-04-15 10:34:33 - INFO: 898,898,30.94,26.47,992.95,41.9
2020-04-15 10:34:43 - INFO: 899,899,30.4,26.31,992.92,41.8
2020-04-15 10:34:53 - INFO: 900,900,29.86,26.35,992.9,42.33
2020-04-15 10:35:03 - INFO: 901,901,30.4,26.33,992.91,42.03
2020-04-15 10:35:13 - INFO: 902,902,30.4,26.29,992.97,42.34
2020-04-15 10:35:23 - INFO: 903,903,30.4,26.33,992.94,41.48
2020-04-15 10:35:33 - INFO: 904,904,30.4,26.2,992.93,42.49
2020-04-15 10:35:43 - INFO: 905,905,30.94,26.31,992.9,42.82
2020-04-15 10:35:54 - INFO: 906,906,30.4,26.36,992.92,42.16
2020-04-15 10:36:04 - INFO: 907,907,30.94,26.31,992.9,42.47
2020-04-15 10:36:14 - INFO: 908,908,30.4,26.4,992.93,41.84
2020-04-15 10:36:24 - INFO: 909,909,30.4,26.4,992.91,42.13
2020-04-15 10:36:34 - INFO: 910,910,30.4,26.33,992.91,42.34
2020-04-15 10:36:44 - INFO: 911,911,30.4,26.31,992.92,40.81
2020-04-15 10:36:54 - INFO: 912,912,30.4,26.42,992.93,41.23
2020-04-15 10:37:04 - INFO: 913,913,30.4,26.36,992.94,42.13
2020-04-15 10:37:15 - INFO: 914,914,30.4,26.42,992.94,42.31
2020-04-15 10:37:25 - INFO: 915,915,30.4,26.45,992.95,41.92
2020-04-15 10:37:35 - INFO: 916,916,30.4,26.38,992.98,42.26
2020-04-15 10:37:45 - INFO: 917,917,30.4,26.2,992.98,41.99
2020-04-15 10:37:55 - INFO: 918,918,30.4,26.35,992.93,41.8
2020-04-15 10:38:05 - INFO: 919,919,30.4,26.33,992.95,41.58
2020-04-15 10:38:15 - INFO: 920,920,30.4,26.36,992.96,42.3
2020-04-15 10:38:25 - INFO: 921,921,30.94,26.29,992.9,42.22
2020-04-15 10:38:36 - INFO: 922,922,30.4,26.31,992.93,42.01
2020-04-15 10:38:46 - INFO: 923,923,30.4,26.4,992.92,42.21
2020-04-15 10:38:56 - INFO: 924,924,30.4,26.36,992.91,41.88
2020-04-15 10:39:06 - INFO: 925,925,30.4,26.36,992.9,42.06
2020-04-15 10:39:16 - INFO: 926,926,30.4,26.35,992.93,41.95
2020-04-15 10:39:26 - INFO: 927,927,30.4,26.4,992.93,42.36
2020-04-15 10:39:36 - INFO: 928,928,30.4,26.27,992.93,42.33
2020-04-15 10:39:46 - INFO: 929,929,29.86,26.27,992.95,41.91
2020-04-15 10:39:57 - INFO: 930,930,30.4,26.33,992.88,40.27
2020-04-15 10:40:07 - INFO: 931,931,30.4,26.36,992.88,41.84
2020-04-15 10:40:17 - INFO: 932,932,30.4,26.26,992.91,42.0
2020-04-15 10:40:27 - INFO: 933,933,30.4,26.33,992.92,41.76
2020-04-15 10:40:37 - INFO: 934,934,30.94,26.38,992.89,41.88
2020-04-15 10:40:47 - INFO: 935,935,30.4,26.26,992.88,42.35
2020-04-15 10:40:57 - INFO: 936,936,30.4,26.45,992.92,41.9
2020-04-15 10:41:07 - INFO: 937,937,30.4,26.35,992.93,41.82
2020-04-15 10:41:18 - INFO: 938,938,30.4,26.33,992.89,41.71
2020-04-15 10:41:28 - INFO: 939,939,30.94,26.35,992.92,41.9
2020-04-15 10:41:38 - INFO: 940,940,30.4,26.27,992.87,42.06
2020-04-15 10:41:48 - INFO: 941,941,30.4,26.33,992.88,42.04
2020-04-15 10:41:58 - INFO: 942,942,30.4,26.29,992.87,42.26
2020-04-15 10:42:08 - INFO: 943,943,30.94,26.29,992.87,42.31
2020-04-15 10:42:18 - INFO: 944,944,30.4,26.36,992.85,41.78
2020-04-15 10:42:28 - INFO: 945,945,30.4,26.42,992.86,42.23
2020-04-15 10:42:39 - INFO: 946,946,30.4,26.31,992.85,42.02
2020-04-15 10:42:49 - INFO: 947,947,30.4,26.36,992.88,41.97
2020-04-15 10:42:59 - INFO: 948,948,30.4,26.38,992.86,41.79
2020-04-15 10:43:09 - INFO: 949,949,30.94,26.4,992.89,41.83
2020-04-15 10:43:19 - INFO: 950,950,30.4,26.36,992.88,41.65
2020-04-15 10:43:29 - INFO: 951,951,30.4,26.47,992.93,42.05
2020-04-15 10:43:39 - INFO: 952,952,30.4,26.29,992.82,42.39
2020-04-15 10:43:49 - INFO: 953,953,30.94,26.4,992.9,42.0
2020-04-15 10:43:59 - INFO: 954,954,30.4,26.27,992.91,41.81
2020-04-15 10:44:10 - INFO: 955,955,30.4,26.35,992.86,42.14
2020-04-15 10:44:20 - INFO: 956,956,30.4,26.38,992.88,41.85
2020-04-15 10:44:30 - INFO: 957,957,30.4,26.35,992.92,42.1
2020-04-15 10:44:40 - INFO: 958,958,30.94,26.33,992.87,42.14
2020-04-15 10:44:50 - INFO: 959,959,30.4,26.26,992.94,42.54
2020-04-15 10:45:00 - INFO: 960,960,30.4,26.2,992.86,41.76
2020-04-15 10:45:10 - INFO: 961,961,30.94,26.35,992.87,41.67
2020-04-15 10:45:20 - INFO: 962,962,30.4,26.27,992.88,41.7
2020-04-15 10:45:31 - INFO: 963,963,30.4,26.36,992.88,42.01
2020-04-15 10:45:41 - INFO: 964,964,30.4,26.26,992.87,42.57
2020-04-15 10:45:51 - INFO: 965,965,30.4,26.36,992.87,42.02
2020-04-15 10:46:01 - INFO: 966,966,30.4,26.35,992.87,42.06
2020-04-15 10:46:11 - INFO: 967,967,30.94,26.33,992.86,41.78
2020-04-15 10:46:21 - INFO: 968,968,29.86,26.44,992.85,41.9
2020-04-15 10:46:31 - INFO: 969,969,30.4,26.36,992.85,41.99
2020-04-15 10:46:41 - INFO: 970,970,30.4,26.26,992.85,42.01
2020-04-15 10:46:52 - INFO: 971,971,30.4,26.26,992.91,42.21
2020-04-15 10:47:02 - INFO: 972,972,30.4,26.4,992.87,42.44
2020-04-15 10:47:12 - INFO: 973,973,30.94,26.31,992.89,43.5
2020-04-15 10:47:22 - INFO: 974,974,30.4,26.36,992.86,42.25
2020-04-15 10:47:32 - INFO: 975,975,30.94,26.35,992.89,41.78
2020-04-15 10:47:42 - INFO: 976,976,30.94,26.35,992.85,41.89
2020-04-15 10:47:52 - INFO: 977,977,30.4,26.29,992.89,41.91
2020-04-15 10:48:02 - INFO: 978,978,30.4,26.27,992.85,41.97
2020-04-15 10:48:13 - INFO: 979,979,30.4,26.33,992.86,41.88
2020-04-15 10:48:23 - INFO: 980,980,30.4,26.36,992.89,41.4
2020-04-15 10:48:33 - INFO: 981,981,30.4,26.33,992.91,40.82
2020-04-15 10:48:43 - INFO: 982,982,30.4,26.38,992.89,42.66
2020-04-15 10:48:53 - INFO: 983,983,30.4,26.38,992.88,41.65
2020-04-15 10:49:03 - INFO: 984,984,29.86,26.38,992.86,42.11
2020-04-15 10:49:13 - INFO: 985,985,30.4,26.29,992.86,41.75
2020-04-15 10:49:23 - INFO: 986,986,30.4,26.35,992.9,41.47
2020-04-15 10:49:34 - INFO: 987,987,30.4,26.38,992.86,41.78
2020-04-15 10:49:44 - INFO: 988,988,30.4,26.31,992.93,41.96
2020-04-15 10:49:54 - INFO: 989,989,30.4,26.33,992.87,41.73
2020-04-15 10:50:04 - INFO: 990,990,30.4,26.27,992.87,41.63
2020-04-15 10:50:14 - INFO: 991,991,30.4,26.35,992.88,41.96
2020-04-15 10:50:24 - INFO: 992,992,30.4,26.4,992.91,41.71
2020-04-15 10:50:34 - INFO: 993,993,30.4,26.4,992.87,42.05
2020-04-15 10:50:44 - INFO: 994,994,30.4,26.27,992.85,41.75
2020-04-15 10:50:55 - INFO: 995,995,30.4,26.33,992.87,41.97
2020-04-15 10:51:05 - INFO: 996,996,30.94,26.33,992.85,42.07
2020-04-15 10:51:15 - INFO: 997,997,30.94,26.29,992.9,41.79
2020-04-15 10:51:25 - INFO: 998,998,30.4,26.35,992.86,42.47
2020-04-15 10:51:35 - INFO: 999,999,30.94,26.4,992.84,42.01
2020-04-15 10:51:45 - INFO: 1000,1000,30.94,26.31,992.86,42.36
2020-04-15 10:51:55 - INFO: 1001,1001,30.94,26.33,992.83,42.21
2020-04-15 10:52:05 - INFO: 1002,1002,30.4,26.29,992.82,42.0
2020-04-15 10:52:16 - INFO: 1003,1003,29.86,26.33,992.85,42.2
2020-04-15 10:52:26 - INFO: 1004,1004,29.86,26.26,992.88,42.27
2020-04-15 10:52:36 - INFO: 1005,1005,30.4,26.35,992.89,41.92
2020-04-15 10:52:46 - INFO: 1006,1006,30.4,26.4,992.86,42.37
2020-04-15 10:52:56 - INFO: 1007,1007,30.4,26.33,992.86,42.14
2020-04-15 10:53:06 - INFO: 1008,1008,30.4,26.27,992.87,41.78
2020-04-15 10:53:16 - INFO: 1009,1009,30.4,26.24,992.9,41.8
2020-04-15 10:53:26 - INFO: 1010,1010,30.4,26.33,992.9,40.73
2020-04-15 10:53:37 - INFO: 1011,1011,29.86,26.26,992.89,42.06
2020-04-15 10:53:47 - INFO: 1012,1012,30.4,26.26,992.86,41.76
2020-04-15 10:53:57 - INFO: 1013,1013,30.4,26.27,992.86,41.84
2020-04-15 10:54:07 - INFO: 1014,1014,30.4,26.35,992.89,42.42
2020-04-15 10:54:17 - INFO: 1015,1015,30.4,26.29,992.85,42.94
2020-04-15 10:54:27 - INFO: 1016,1016,30.4,26.31,992.92,42.21
2020-04-15 10:54:37 - INFO: 1017,1017,30.94,26.24,992.87,42.01
2020-04-15 10:54:47 - INFO: 1018,1018,29.86,26.2,992.9,41.53
2020-04-15 10:54:58 - INFO: 1019,1019,30.4,26.35,992.89,41.93
2020-04-15 10:55:08 - INFO: 1020,1020,30.94,26.27,992.92,41.85
2020-04-15 10:55:18 - INFO: 1021,1021,30.4,26.33,992.89,42.42
2020-04-15 10:55:28 - INFO: 1022,1022,30.4,26.27,992.87,43.23
2020-04-15 10:55:38 - INFO: 1023,1023,30.4,26.22,992.86,41.85
2020-04-15 10:55:48 - INFO: 1024,1024,30.4,26.24,992.85,41.11
2020-04-15 10:55:58 - INFO: 1025,1025,30.94,26.29,992.85,40.88
2020-04-15 10:56:09 - INFO: 1026,1026,30.4,26.42,992.9,41.76
2020-04-15 10:56:19 - INFO: 1027,1027,30.4,26.35,992.9,42.15
2020-04-15 10:56:29 - INFO: 1028,1028,30.4,26.24,992.86,41.87
2020-04-15 10:56:39 - INFO: 1029,1029,30.4,26.27,992.86,41.9
2020-04-15 10:56:49 - INFO: 1030,1030,30.4,26.36,992.89,41.93
2020-04-15 10:56:59 - INFO: 1031,1031,30.4,26.29,992.93,42.66
2020-04-15 10:57:09 - INFO: 1032,1032,30.4,26.27,992.86,42.91
2020-04-15 10:57:19 - INFO: 1033,1033,30.4,26.35,992.89,41.99
2020-04-15 10:57:30 - INFO: 1034,1034,30.4,26.33,992.91,41.82
2020-04-15 10:57:40 - INFO: 1035,1035,30.4,26.26,992.88,41.96
2020-04-15 10:57:50 - INFO: 1036,1036,29.86,26.27,992.88,42.42
2020-04-15 10:58:00 - INFO: 1037,1037,30.4,26.29,992.87,41.67
2020-04-15 10:58:10 - INFO: 1038,1038,30.4,26.27,992.89,42.01
2020-04-15 10:58:20 - INFO: 1039,1039,30.4,26.29,992.87,42.11
2020-04-15 10:58:30 - INFO: 1040,1040,30.4,26.22,992.86,42.05
2020-04-15 10:58:40 - INFO: 1041,1041,30.4,26.26,992.86,42.06
2020-04-15 10:58:51 - INFO: 1042,1042,30.4,26.31,992.88,43.65
2020-04-15 10:59:01 - INFO: 1043,1043,30.4,26.29,992.87,43.22
2020-04-15 10:59:11 - INFO: 1044,1044,30.4,26.35,992.91,42.33
2020-04-15 10:59:21 - INFO: 1045,1045,30.4,26.29,992.92,41.59
2020-04-15 10:59:31 - INFO: 1046,1046,30.4,26.26,992.87,41.99
2020-04-15 10:59:41 - INFO: 1047,1047,30.4,26.33,992.89,42.28
2020-04-15 10:59:51 - INFO: 1048,1048,30.4,26.38,992.87,41.99
2020-04-15 11:00:01 - INFO: 1049,1049,31.48,26.33,992.93,42.06
2020-04-15 11:00:12 - INFO: 1050,1050,30.4,26.33,992.86,42.11
2020-04-15 11:00:22 - INFO: 1051,1051,29.86,26.4,992.89,41.88
2020-04-15 11:00:32 - INFO: 1052,1052,30.4,26.26,992.86,41.06
2020-04-15 11:00:42 - INFO: 1053,1053,30.4,26.31,992.88,40.74
2020-04-15 11:00:52 - INFO: 1054,1054,29.86,26.33,992.88,41.2
2020-04-15 11:01:02 - INFO: 1055,1055,30.4,26.26,992.84,42.37
