2020-04-23 07:06:07,INFO,photo_counter, lat_deg, lon_deg, sun_angle_deg, day_or_night
2020-04-23 07:06:11,INFO,1,-15.552612,134.53496,22.94508,Day
2020-04-23 07:06:22,INFO,2,-16.046085,134.925702,22.378394,Day
2020-04-23 07:06:32,INFO,3,-16.538675,135.318588,21.811092,Day
2020-04-23 07:06:42,INFO,4,-17.030348,135.7137,21.2432,Day
2020-04-23 07:06:52,INFO,5,-17.521069,136.111095,20.674764,Day
2020-04-23 07:07:02,INFO,6,-18.010806,136.510866,20.105801,Day
2020-04-23 07:07:12,INFO,7,-18.499523,136.913095,19.536334,Day
2020-04-23 07:07:22,INFO,8,-19.035894,137.358465,18.909389,Day
2020-04-23 07:07:33,INFO,9,-19.522356,137.766104,18.338974,Day
2020-04-23 07:07:43,INFO,10,-20.007689,138.176434,17.768163,Day
2020-04-23 07:07:53,INFO,11,-20.491852,138.589565,17.196965,Day
2020-04-23 07:08:03,INFO,12,-20.974811,139.005565,16.625423,Day
2020-04-23 07:08:13,INFO,13,-21.456527,139.424529,16.053562,Day
2020-04-23 07:08:23,INFO,14,-21.936959,139.846539,15.481404,Day
2020-04-23 07:08:33,INFO,15,-22.463905,140.314352,14.851157,Day
2020-04-23 07:08:44,INFO,16,-22.941511,140.743042,14.278023,Day
2020-04-23 07:08:54,INFO,17,-23.417707,141.175051,13.705059,Day
2020-04-23 07:09:04,INFO,18,-23.892449,141.610462,13.131963,Day
2020-04-23 07:09:14,INFO,19,-24.365698,142.049384,12.558765,Day
2020-04-23 07:09:24,INFO,20,-24.837404,142.491912,11.985513,Day
2020-04-23 07:09:34,INFO,21,-25.307524,142.938128,11.412269,Day
2020-04-23 07:09:44,INFO,22,-25.822768,143.433331,10.781791,Day
2020-04-23 07:09:54,INFO,23,-26.289407,143.88762,10.208756,Day
2020-04-23 07:10:05,INFO,24,-26.75431,144.345898,9.635942,Day
2020-04-23 07:10:15,INFO,25,-27.217433,144.808261,9.063443,Day
2020-04-23 07:10:25,INFO,26,-27.678722,145.274831,8.491348,Day
2020-04-23 07:10:35,INFO,27,-28.138125,145.745691,7.919797,Day
2020-04-23 07:10:45,INFO,28,-28.595593,146.220963,7.34893,Day
2020-04-23 07:10:55,INFO,29,-29.096503,146.74895,6.722013,Day
2020-04-23 07:11:05,INFO,30,-29.549724,147.233798,6.153259,Day
2020-04-23 07:11:16,INFO,31,-30.000834,147.723372,5.585934,Day
2020-04-23 07:11:26,INFO,32,-30.449779,148.217782,5.020406,Day
2020-04-23 07:11:36,INFO,33,-30.896494,148.717124,4.457165,Day
2020-04-23 07:11:46,INFO,34,-31.340927,149.221533,3.896849,Day
2020-04-23 07:11:56,INFO,35,-31.783008,149.731106,3.340228,Day
2020-04-23 07:12:06,INFO,36,-32.222678,150.245952,2.78841,Day
2020-04-23 07:12:16,INFO,37,-32.703451,150.818527,2.188672,Day
2020-04-23 07:12:26,INFO,38,-33.137844,151.344821,1.652175,Day
2020-04-23 07:12:37,INFO,39,-33.569618,151.876742,1.126599,Day
2020-04-23 07:12:47,INFO,40,-33.998708,152.414415,0.615158,Day
2020-04-23 07:12:57,INFO,41,-34.425035,152.957947,0.121647,Day
2020-04-23 07:13:06,INFO,42,-34.848534,153.50745,-0.350036,Night
2020-04-23 07:13:15,INFO,42,-35.227203,154.007201,-0.753389,Night
2020-04-23 07:13:25,INFO,42,-35.645118,154.568383,-1.177629,Night
2020-04-23 07:13:34,INFO,42,-36.018637,155.07883,-1.541246,Night
2020-04-23 07:13:43,INFO,42,-36.389626,155.594482,-1.896667,Night
2020-04-23 07:13:53,INFO,42,-36.798802,156.173628,-2.307062,Night
2020-04-23 07:14:02,INFO,42,-37.164261,156.700522,-2.756017,Night
2020-04-23 07:14:11,INFO,42,-37.527006,157.232881,-3.691261,Night
2020-04-23 07:14:21,INFO,42,-37.926797,157.830905,-4.949939,Night
2020-04-23 07:14:30,INFO,42,-38.283603,158.375066,-5.653006,Night
2020-04-23 07:14:39,INFO,42,-38.637502,158.924951,-6.264206,Night
2020-04-23 07:14:49,INFO,42,-39.027223,159.542728,-6.899294,Night
2020-04-23 07:14:58,INFO,42,-39.374756,160.104962,-7.450769,Night
2020-04-23 07:15:07,INFO,42,-39.719165,160.673151,-7.991448,Night
2020-04-23 07:15:17,INFO,42,-40.098097,161.311569,-8.575443,Night
2020-04-23 07:15:26,INFO,42,-40.43569,161.892627,-9.09545,Night
2020-04-23 07:15:35,INFO,42,-40.769939,162.479887,-9.615262,Night
2020-04-23 07:15:45,INFO,42,-41.137321,163.139765,-10.192593,Night
2020-04-23 07:15:54,INFO,42,-41.464272,163.740371,-10.711968,Night
2020-04-23 07:16:03,INFO,42,-41.787654,164.347397,-11.231113,Night
2020-04-23 07:16:13,INFO,42,-42.142677,165.029501,-11.807669,Night
2020-04-23 07:16:22,INFO,42,-42.458259,165.65031,-12.326297,Night
2020-04-23 07:16:31,INFO,42,-42.770023,166.277759,-12.844674,Night
2020-04-23 07:16:41,INFO,42,-43.111854,166.982744,-13.420311,Night
2020-04-23 07:16:50,INFO,42,-43.415295,167.624358,-13.93809,Night
2020-04-23 07:16:59,INFO,42,-43.714669,168.272761,-14.455568,Night
2020-04-23 07:17:09,INFO,42,-44.042426,169.001228,-15.030174,Night
2020-04-23 07:17:18,INFO,42,-44.332931,169.664112,-15.546976,Night
2020-04-23 07:17:27,INFO,42,-44.619099,170.333908,-16.06343,Night
2020-04-23 07:17:37,INFO,42,-44.931877,171.08628,-16.636855,Night
2020-04-23 07:17:46,INFO,42,-45.208616,171.770775,-17.152545,Night
2020-04-23 07:17:55,INFO,42,-45.480748,172.462263,-17.667848,Night
2020-04-23 07:18:05,INFO,42,-45.777608,173.238814,-18.239943,Night
2020-04-23 07:18:14,INFO,42,-46.039727,173.945124,-18.754395,Night
2020-04-23 07:18:23,INFO,42,-46.296965,174.658456,-19.268418,Night
2020-04-23 07:18:32,INFO,42,-46.549232,175.378795,-19.78199,Night
2020-04-23 07:18:42,INFO,42,-46.823587,176.18738,-20.352084,Night
2020-04-23 07:18:51,INFO,42,-47.065061,176.922486,-20.864672,Night
2020-04-23 07:19:00,INFO,42,-47.30128,177.664531,-21.376759,Night
2020-04-23 07:19:10,INFO,42,-47.557473,178.497145,-21.94515,Night
2020-04-23 07:19:19,INFO,42,-47.782306,179.253739,-22.456142,Night
2020-04-23 07:19:28,INFO,42,-48.001603,-179.982848,-22.966593,Night
2020-04-23 07:19:38,INFO,42,-48.238662,-179.126711,-23.533091,Night
2020-04-23 07:19:47,INFO,42,-48.445979,-178.349148,-24.042321,Night
2020-04-23 07:19:56,INFO,42,-48.647483,-177.565002,-24.550948,Night
2020-04-23 07:20:06,INFO,42,-48.864451,-176.68612,-25.115355,Night
2020-04-23 07:20:15,INFO,42,-49.053394,-175.888395,-25.622638,Night
2020-04-23 07:20:24,INFO,42,-49.236252,-175.084386,-26.129268,Night
2020-04-23 07:20:34,INFO,42,-49.432193,-174.183853,-26.691377,Night
2020-04-23 07:20:43,INFO,42,-49.601937,-173.367044,-27.196521,Night
2020-04-23 07:20:52,INFO,42,-49.765335,-172.544375,-27.700939,Night
2020-04-23 07:21:02,INFO,42,-49.939358,-171.623625,-28.260514,Night
2020-04-23 07:21:11,INFO,42,-50.089114,-170.789112,-28.763313,Night
2020-04-23 07:21:20,INFO,42,-50.232288,-169.949259,-29.265308,Night
2020-04-23 07:21:30,INFO,42,-50.38356,-169.010053,-29.822102,Night
2020-04-23 07:21:39,INFO,42,-50.512603,-168.159544,-30.322314,Night
2020-04-23 07:21:48,INFO,42,-50.634839,-167.304295,-30.821645,Night
2020-04-23 07:21:58,INFO,42,-50.762605,-166.348724,-31.375389,Night
2020-04-23 07:22:07,INFO,42,-50.870276,-165.4842,-31.872764,Night
2020-04-23 07:22:16,INFO,42,-50.970953,-164.615632,-32.369171,Night
2020-04-23 07:22:25,INFO,42,-51.064581,-163.743281,-32.864575,Night
2020-04-23 07:22:35,INFO,42,-51.160282,-162.769842,-33.413822,Night
2020-04-23 07:22:44,INFO,42,-51.238863,-161.890305,-33.907019,Night
2020-04-23 07:22:53,INFO,42,-51.310242,-161.007776,-34.399121,Night
2020-04-23 07:23:03,INFO,42,-51.381061,-160.02401,-34.944573,Night
2020-04-23 07:23:12,INFO,42,-51.437116,-159.136072,-35.434246,Night
2020-04-23 07:23:21,INFO,42,-51.485857,-158.246016,-35.922714,Night
2020-04-23 07:23:31,INFO,42,-51.5314,-157.254929,-36.464003,Night
2020-04-23 07:23:40,INFO,42,-51.564616,-156.361349,-36.949807,Night
2020-04-23 07:23:49,INFO,42,-51.590441,-155.466553,-37.434293,Night
2020-04-23 07:23:59,INFO,42,-51.610453,-154.471299,-37.971009,Night
2020-04-23 07:24:08,INFO,42,-51.62064,-153.574959,-38.452561,Night
2020-04-23 07:24:17,INFO,42,-51.623406,-152.678347,-38.932669,Night
2020-04-23 07:24:27,INFO,42,-51.617775,-151.682191,-39.464351,Night
2020-04-23 07:24:36,INFO,42,-51.604876,-150.786029,-39.941239,Night
2020-04-23 07:24:45,INFO,42,-51.584567,-149.89055,-40.416528,Night
2020-04-23 07:24:55,INFO,42,-51.553325,-148.896758,-40.942684,Night
2020-04-23 07:25:04,INFO,42,-51.517416,-148.003724,-41.414429,Night
2020-04-23 07:25:13,INFO,42,-51.474146,-147.112316,-41.884414,Night
2020-04-23 07:25:23,INFO,42,-51.417469,-146.124111,-42.404488,Night
2020-04-23 07:25:32,INFO,42,-51.358757,-145.237074,-42.870574,Night
2020-04-23 07:25:41,INFO,42,-51.292774,-144.352551,-43.334723,Night
2020-04-23 07:25:51,INFO,42,-51.210986,-143.373047,-43.848086,Night
2020-04-23 07:26:00,INFO,42,-51.129792,-142.49474,-44.307936,Night
2020-04-23 07:26:09,INFO,42,-51.041464,-141.619792,-44.765647,Night
2020-04-23 07:26:19,INFO,42,-50.935012,-140.651886,-45.271617,Night
2020-04-23 07:26:28,INFO,42,-50.831788,-139.784862,-45.724585,Night
2020-04-23 07:26:37,INFO,42,-50.721589,-138.921963,-46.175193,Night
2020-04-23 07:26:47,INFO,42,-50.591047,-137.968319,-46.673001,Night
2020-04-23 07:26:56,INFO,42,-50.466335,-137.114886,-47.118371,Night
2020-04-23 07:27:05,INFO,42,-50.33485,-136.266276,-47.561128,Night
2020-04-23 07:27:15,INFO,42,-50.180894,-135.32927,-48.04992,Night
2020-04-23 07:27:24,INFO,42,-50.035336,-134.491479,-48.486885,Night
2020-04-23 07:27:33,INFO,42,-49.883228,-133.659084,-48.920974,Night
2020-04-23 07:27:43,INFO,42,-49.706627,-132.740779,-49.399787,Night
2020-04-23 07:27:52,INFO,42,-49.54094,-131.920364,-49.827466,Night
2020-04-23 07:28:01,INFO,42,-49.368942,-131.105864,-50.251952,Night
2020-04-23 07:28:10,INFO,42,-49.190718,-130.297429,-50.673136,Night
2020-04-23 07:28:20,INFO,42,-48.985492,-129.406403,-51.137117,Night
2020-04-23 07:28:29,INFO,42,-48.7944,-128.611137,-51.550979,Night
2020-04-23 07:28:38,INFO,42,-48.597346,-127.822291,-51.961183,Night
2020-04-23 07:28:48,INFO,42,-48.371512,-126.953464,-52.412526,Night
2020-04-23 07:28:57,INFO,42,-48.162157,-126.178483,-52.814615,Night
2020-04-23 07:29:06,INFO,42,-47.947115,-125.41021,-53.212651,Night
2020-04-23 07:29:16,INFO,42,-47.701621,-124.564496,-53.650006,Night
2020-04-23 07:29:25,INFO,42,-47.474866,-123.81058,-54.039046,Night
2020-04-23 07:29:34,INFO,42,-47.242704,-123.063534,-54.423606,Night
2020-04-23 07:29:44,INFO,42,-46.978512,-122.241617,-54.845456,Night
2020-04-23 07:29:53,INFO,42,-46.735231,-121.509229,-55.220058,Night
2020-04-23 07:30:02,INFO,42,-46.486824,-120.78385,-55.58969,Night
2020-04-23 07:30:12,INFO,42,-46.204915,-119.98607,-55.994376,Night
2020-04-23 07:30:21,INFO,42,-45.945982,-119.275484,-56.352991,Night
2020-04-23 07:30:30,INFO,42,-45.682207,-118.571934,-56.706109,Night
2020-04-23 07:30:40,INFO,42,-45.383551,-117.798428,-57.09181,Night
2020-04-23 07:30:49,INFO,42,-45.109841,-117.109672,-57.432745,Night
2020-04-23 07:30:58,INFO,42,-44.831562,-116.42791,-57.767623,Night
2020-04-23 07:31:08,INFO,42,-44.517114,-115.678556,-58.132362,Night
2020-04-23 07:31:17,INFO,42,-44.229477,-115.011479,-58.453804,Night
2020-04-23 07:31:26,INFO,42,-43.937545,-114.3513,-58.768566,Night
2020-04-23 07:31:36,INFO,42,-43.608238,-113.625818,-59.110219,Night
2020-04-23 07:31:45,INFO,42,-43.307508,-112.980085,-59.410208,Night
2020-04-23 07:31:54,INFO,42,-43.002745,-112.341128,-59.702868,Night
2020-04-23 07:32:04,INFO,42,-42.659483,-111.639053,-60.019188,Night
2020-04-23 07:32:13,INFO,42,-42.346469,-111.01422,-60.295653,Night
2020-04-23 07:32:22,INFO,42,-42.029672,-110.395992,-60.564114,Night
2020-04-23 07:32:31,INFO,42,-41.709165,-109.784308,-60.824344,Night
2020-04-23 07:32:41,INFO,42,-41.348801,-109.112252,-61.103549,Night
2020-04-23 07:32:50,INFO,42,-41.02073,-108.514159,-61.345658,Night
2020-04-23 07:32:59,INFO,42,-40.689192,-107.922405,-61.578834,Night
2020-04-23 07:33:09,INFO,42,-40.316844,-107.27224,-61.827173,Night
2020-04-23 07:33:18,INFO,42,-39.978231,-106.69362,-62.04076,Night
2020-04-23 07:33:27,INFO,42,-39.63638,-106.121107,-62.24473,Night
2020-04-23 07:33:37,INFO,42,-39.252831,-105.492046,-62.459819,Night
2020-04-23 07:33:46,INFO,42,-38.904372,-104.932162,-62.642779,Night
2020-04-23 07:33:55,INFO,42,-38.552887,-104.378138,-62.815467,Night
2020-04-23 07:34:05,INFO,42,-38.15888,-103.769336,-62.995053,Night
2020-04-23 07:34:14,INFO,42,-37.801231,-103.227422,-63.145406,Night
2020-04-23 07:34:23,INFO,42,-37.440761,-102.691109,-63.284899,Night
2020-04-23 07:34:33,INFO,42,-37.037005,-102.101684,-63.42694,Night
2020-04-23 07:34:42,INFO,42,-36.670787,-101.576934,-63.542937,Night
2020-04-23 07:34:51,INFO,42,-36.30194,-101.057526,-63.647569,Night
2020-04-23 07:35:01,INFO,42,-35.889103,-100.486576,-63.750336,Night
2020-04-23 07:35:10,INFO,42,-35.5149,-99.978178,-63.830543,Night
2020-04-23 07:35:19,INFO,42,-35.138257,-99.474861,-63.899001,Night
2020-04-23 07:35:29,INFO,42,-34.716957,-98.921473,-63.961177,Night
2020-04-23 07:35:38,INFO,42,-34.33533,-98.428606,-64.004548,Night
2020-04-23 07:35:47,INFO,42,-33.951426,-97.940555,-64.035926,Night
2020-04-23 07:35:57,INFO,42,-33.522258,-97.403818,-64.056683,Night
2020-04-23 07:36:06,INFO,42,-33.133722,-96.925664,-64.062632,Night
2020-04-23 07:36:15,INFO,42,-32.74307,-96.452059,-64.056512,Night
2020-04-23 07:36:24,INFO,42,-32.350351,-95.982934,-64.038331,Night
2020-04-23 07:36:34,INFO,42,-31.911631,-95.466824,-64.004016,Night
2020-04-23 07:36:43,INFO,42,-31.514711,-95.006866,-63.960466,Night
2020-04-23 07:36:52,INFO,42,-31.115869,-94.551128,-63.904992,Night
2020-04-23 07:37:02,INFO,42,-30.670517,-94.049594,-63.82945,Night
2020-04-23 07:37:11,INFO,42,-30.267775,-93.60249,-63.749058,Night
2020-04-23 07:37:20,INFO,42,-29.863254,-93.159354,-63.657015,Night
2020-04-23 07:37:30,INFO,42,-29.411751,-92.671542,-63.541243,Night
2020-04-23 07:37:39,INFO,42,-29.003609,-92.236521,-63.425034,Night
2020-04-23 07:37:48,INFO,42,-28.59382,-91.805222,-63.297597,Night
2020-04-23 07:37:58,INFO,42,-28.136613,-91.330277,-63.143036,Night
2020-04-23 07:38:07,INFO,42,-27.723473,-90.906587,-62.992444,Night
2020-04-23 07:38:16,INFO,42,-27.308804,-90.486387,-62.831156,Night
2020-04-23 07:38:26,INFO,42,-26.846316,-90.023492,-62.639638,Night
2020-04-23 07:38:35,INFO,42,-26.428548,-89.610409,-62.456411,Night
2020-04-23 07:38:44,INFO,42,-26.009367,-89.200584,-62.263103,Night
2020-04-23 07:38:54,INFO,42,-25.541996,-88.748951,-62.03675,Night
2020-04-23 07:39:03,INFO,42,-25.11995,-88.345765,-61.822856,Night
2020-04-23 07:39:12,INFO,42,-24.6966,-87.945611,-61.599543,Night
2020-04-23 07:39:22,INFO,42,-24.224722,-87.504477,-61.340652,Night
2020-04-23 07:39:31,INFO,42,-23.798729,-87.110511,-61.0982,Night
2020-04-23 07:39:40,INFO,42,-23.371533,-86.71936,-60.847027,Night
2020-04-23 07:39:49,INFO,42,-22.943167,-86.330968,-60.587357,Night
2020-04-23 07:39:59,INFO,42,-22.46587,-85.902572,-60.289137,Night
2020-04-23 07:40:08,INFO,42,-22.035135,-85.519774,-60.012262,Night
2020-04-23 07:40:17,INFO,42,-21.603325,-85.139531,-59.727586,Night
2020-04-23 07:40:27,INFO,42,-21.122309,-84.719952,-59.402387,Night
2020-04-23 07:40:36,INFO,42,-20.688324,-84.344879,-59.101948,Night
2020-04-23 07:40:45,INFO,42,-20.253352,-83.972162,-58.794384,Night
2020-04-23 07:40:55,INFO,42,-19.768926,-83.560719,-58.444535,Night
2020-04-23 07:41:04,INFO,42,-19.331963,-83.19277,-58.122601,Night
2020-04-23 07:41:13,INFO,42,-18.894098,-82.826979,-57.794172,Night
2020-04-23 07:41:23,INFO,42,-18.406557,-82.423007,-57.421878,Night
2020-04-23 07:41:32,INFO,42,-17.966876,-82.061588,-57.080393,Night
2020-04-23 07:41:41,INFO,42,-17.526373,-81.702149,-56.733023,Night
2020-04-23 07:41:51,INFO,42,-17.035994,-81.305021,-56.340373,Night
2020-04-23 07:42:00,INFO,42,-16.593842,-80.949572,-55.98117,Night
2020-04-23 07:42:09,INFO,42,-16.150945,-80.595925,-55.616639,Night
2020-04-23 07:42:19,INFO,42,-15.657995,-80.205019,-55.20555,Night
2020-04-23 07:42:28,INFO,42,-15.213606,-79.854993,-54.830313,Night
2020-04-23 07:42:37,INFO,42,-14.768548,-79.506592,-54.450258,Night
2020-04-23 07:42:47,INFO,42,-14.273279,-79.121321,-54.022507,Night
2020-04-23 07:42:56,INFO,42,-13.82688,-78.776178,-53.632773,Night
2020-04-23 07:43:05,INFO,42,-13.37988,-78.432497,-53.238688,Night
2020-04-23 07:43:15,INFO,42,-12.882536,-78.05228,-52.795884,Night
2020-04-23 07:43:24,INFO,42,-12.434341,-77.711515,-52.39307,Night
2020-04-23 07:43:33,INFO,42,-11.985613,-77.372048,-51.986322,Night
2020-04-23 07:43:43,INFO,42,-11.486427,-76.99632,-51.529918,Night
2020-04-23 07:43:52,INFO,42,-11.036645,-76.659427,-51.115285,Night
2020-04-23 07:44:01,INFO,42,-10.586395,-76.323676,-50.697103,Night
2020-04-23 07:44:11,INFO,42,-10.135697,-75.989017,-50.275486,Night
2020-04-23 07:44:20,INFO,42,-9.634422,-75.61839,-49.803127,Night
2020-04-23 07:44:29,INFO,42,-9.182848,-75.285869,-49.374614,Night
2020-04-23 07:44:38,INFO,42,-8.730889,-74.954284,-48.942998,Night
2020-04-23 07:44:48,INFO,42,-8.228285,-74.586895,-48.459902,Night
2020-04-23 07:44:57,INFO,42,-7.775579,-74.257134,-48.022059,Night
2020-04-23 07:45:06,INFO,42,-7.322548,-73.928158,-47.58141,Night
2020-04-23 07:45:16,INFO,42,-6.818825,-73.563487,-47.088608,Night
2020-04-23 07:45:25,INFO,42,-6.365175,-73.236014,-46.642324,Night
2020-04-23 07:45:34,INFO,42,-5.91126,-72.909182,-46.193502,Night
2020-04-23 07:45:44,INFO,42,-5.406623,-72.546724,-45.691923,Night
2020-04-23 07:45:53,INFO,42,-4.952211,-72.221088,-45.238003,Night
2020-04-23 07:46:02,INFO,42,-4.497594,-71.895944,-44.78178,Night
2020-04-23 07:46:12,INFO,42,-3.992243,-71.535194,-44.272255,Night
2020-04-23 07:46:21,INFO,42,-3.537251,-71.210938,-43.811408,Night
2020-04-23 07:46:30,INFO,42,-3.08211,-70.88703,-43.348479,Night
2020-04-23 07:46:40,INFO,42,-2.576246,-70.527488,-42.831747,Night
2020-04-23 07:46:49,INFO,42,-2.12085,-70.204168,-42.364627,Night
2020-04-23 07:46:58,INFO,42,-1.665363,-69.881052,-41.895615,Night
2020-04-23 07:47:08,INFO,42,-1.15918,-69.522228,-41.372351,Night
2020-04-23 07:47:17,INFO,42,-0.703558,-69.199399,-40.899535,Night
2020-04-23 07:47:26,INFO,42,-0.2479,-68.876638,-40.425004,Night
2020-04-23 07:47:36,INFO,42,0.258407,-68.518033,-39.895794,Night
2020-04-23 07:47:45,INFO,42,0.714081,-68.195252,-39.417804,Night
2020-04-23 07:47:54,INFO,42,1.169734,-67.872396,-38.938249,Night
2020-04-23 07:48:04,INFO,42,1.675969,-67.513524,-38.403647,Night
2020-04-23 07:48:13,INFO,42,2.13152,-67.190354,-37.920951,Night
2020-04-23 07:48:22,INFO,42,2.586993,-66.866965,-37.436837,Night
2020-04-23 07:48:32,INFO,42,3.042372,-66.543309,-36.951344,Night
2020-04-23 07:48:41,INFO,42,3.548213,-66.183324,-36.410342,Night
2020-04-23 07:48:50,INFO,42,4.003331,-65.858958,-35.922075,Night
2020-04-23 07:48:59,INFO,42,4.458296,-65.534183,-35.432556,Night
2020-04-23 07:49:09,INFO,42,4.963611,-65.172784,-34.887216,Night
2020-04-23 07:49:18,INFO,42,5.418194,-64.846991,-34.395166,Night
2020-04-23 07:49:27,INFO,42,5.872567,-64.520644,-33.901972,Night
2020-04-23 07:49:37,INFO,42,6.377156,-64.157326,-33.352678,Night
2020-04-23 07:49:46,INFO,42,6.831024,-63.829655,-32.857178,Night
2020-04-23 07:49:55,INFO,42,7.284623,-63.501286,-32.360644,Night
2020-04-23 07:50:05,INFO,42,7.788283,-63.135543,-31.807744,Night
2020-04-23 07:50:14,INFO,42,8.241252,-62.805536,-31.309106,Night
2020-04-23 07:50:23,INFO,42,8.693891,-62.474682,-30.809522,Night
2020-04-23 07:50:33,INFO,42,9.196413,-62.106002,-30.253343,Night
2020-04-23 07:50:42,INFO,42,9.648294,-61.773194,-29.751846,Night
2020-04-23 07:50:51,INFO,42,10.099785,-61.439382,-29.249483,Night
2020-04-23 07:51:01,INFO,42,10.600957,-61.067239,-28.690309,Night
2020-04-23 07:51:10,INFO,42,11.051556,-60.731153,-28.186207,Night
2020-04-23 07:51:19,INFO,42,11.501701,-60.393906,-27.68131,Night
2020-04-23 07:51:29,INFO,42,12.001305,-60.017767,-27.119418,Night
2020-04-23 07:51:38,INFO,42,12.450422,-59.67791,-26.612936,Night
2020-04-23 07:51:47,INFO,42,12.899021,-59.336736,-26.105734,Night
2020-04-23 07:51:57,INFO,42,13.396828,-58.956048,-25.541364,Night
2020-04-23 07:52:06,INFO,42,13.844257,-58.61193,-25.032725,Night
2020-04-23 07:52:15,INFO,42,14.291099,-58.266329,-24.523432,Night
2020-04-23 07:52:25,INFO,42,14.786875,-57.880526,-23.956808,Night
2020-04-23 07:52:34,INFO,42,15.232401,-57.531626,-23.446204,Night
2020-04-23 07:52:43,INFO,42,15.67727,-57.181077,-22.935005,Night
2020-04-23 07:52:53,INFO,42,16.170768,-56.789584,-22.366342,Night
2020-04-23 07:53:02,INFO,42,16.614169,-56.435377,-21.853959,Night
2020-04-23 07:53:11,INFO,42,17.056837,-56.07935,-21.34104,Night
2020-04-23 07:53:21,INFO,42,17.547801,-55.68156,-20.770523,Night
2020-04-23 07:53:30,INFO,42,17.988842,-55.321503,-20.256531,Night
2020-04-23 07:53:39,INFO,42,18.429071,-54.959445,-19.742056,Night
2020-04-23 07:53:48,INFO,42,18.868466,-54.595328,-19.227112,Night
2020-04-23 07:53:58,INFO,42,19.355668,-54.188269,-18.654428,Night
2020-04-23 07:54:07,INFO,42,19.793212,-53.819609,-18.138549,Night
2020-04-23 07:54:16,INFO,42,20.229835,-53.448706,-17.622253,Night
2020-04-23 07:54:26,INFO,42,20.713862,-53.033885,-17.04812,Night
2020-04-23 07:54:35,INFO,42,21.148455,-52.658037,-16.530987,Night
2020-04-23 07:54:44,INFO,42,21.582042,-52.27975,-16.013481,Night
2020-04-23 07:54:54,INFO,42,22.06259,-51.85649,-15.438049,Night
2020-04-23 07:55:03,INFO,42,22.493958,-51.472842,-14.919799,Night
2020-04-23 07:55:12,INFO,42,22.924227,-51.086554,-14.401215,Night
2020-04-23 07:55:22,INFO,42,23.400978,-50.654165,-13.824638,Night
2020-04-23 07:55:31,INFO,42,23.828826,-50.262085,-13.305399,Night
2020-04-23 07:55:40,INFO,42,24.25548,-49.867153,-12.785865,Night
2020-04-23 07:55:50,INFO,42,24.728097,-49.424915,-12.208279,Night
2020-04-23 07:55:59,INFO,42,25.152119,-49.023744,-11.688173,Night
2020-04-23 07:56:08,INFO,42,25.574841,-48.619506,-11.167812,Night
2020-04-23 07:56:18,INFO,42,26.042967,-48.166675,-10.589352,Night
2020-04-23 07:56:27,INFO,42,26.462832,-47.755733,-10.068496,Night
2020-04-23 07:56:36,INFO,42,26.881289,-47.341503,-9.547424,Night
2020-04-23 07:56:46,INFO,42,27.344545,-46.877299,-8.968213,Night
2020-04-23 07:56:55,INFO,42,27.759905,-46.455883,-8.446722,Night
2020-04-23 07:57:04,INFO,42,28.173743,-46.03095,-7.916678,Night
2020-04-23 07:57:14,INFO,42,28.631724,-45.554578,-7.312274,Night
2020-04-23 07:57:23,INFO,42,29.04221,-45.121961,-6.755459,Night
2020-04-23 07:57:32,INFO,42,29.451048,-44.685587,-6.176922,Night
2020-04-23 07:57:42,INFO,42,29.90333,-44.196221,-5.481571,Night
2020-04-23 07:57:51,INFO,42,30.308548,-43.751654,-4.72846,Night
2020-04-23 07:58:00,INFO,42,30.711987,-43.303078,-3.452851,Night
2020-04-23 07:58:09,INFO,42,31.113598,-42.850421,-2.672925,Night
2020-04-23 07:58:19,INFO,42,31.557636,-42.342576,-2.201848,Night
2020-04-23 07:58:28,INFO,42,31.955245,-41.881023,-1.837775,Night
2020-04-23 07:58:37,INFO,42,32.350887,-41.415132,-1.480936,Night
2020-04-23 07:58:47,INFO,42,32.788118,-40.892285,-1.071975,Night
2020-04-23 07:58:56,INFO,42,33.17944,-40.416958,-0.684555,Night
2020-04-23 07:59:05,INFO,42,33.568645,-39.937031,-0.276377,Night
2020-04-23 07:59:16,INFO,42,33.99854,-39.39828,0.200434,Day
2020-04-23 07:59:26,INFO,43,34.425683,-38.85363,0.698591,Day
2020-04-23 07:59:36,INFO,44,34.849995,-38.30296,1.214131,Day
2020-04-23 07:59:46,INFO,45,35.271408,-37.746159,1.743306,Day
2020-04-23 07:59:56,INFO,46,35.689839,-37.183106,2.282982,Day
2020-04-23 08:00:06,INFO,47,36.105213,-36.613683,2.830692,Day
2020-04-23 08:00:16,INFO,48,36.558499,-35.979821,3.440221,Day
2020-04-23 08:00:27,INFO,49,36.96719,-35.396639,3.999228,Day
2020-04-23 08:00:37,INFO,50,37.372565,-34.806726,4.561785,Day
2020-04-23 08:00:47,INFO,51,37.774549,-34.209962,5.127171,Day
2020-04-23 08:00:57,INFO,52,38.173043,-33.606235,5.694748,Day
2020-04-23 08:01:07,INFO,53,38.567968,-32.995428,6.26406,Day
2020-04-23 08:01:17,INFO,54,38.959225,-32.377426,6.83475,Day
2020-04-23 08:01:27,INFO,55,39.385261,-31.689182,7.463763,Day
2020-04-23 08:01:38,INFO,56,39.76852,-31.055712,8.036488,Day
2020-04-23 08:01:48,INFO,57,40.147818,-30.414709,8.609879,Day
2020-04-23 08:01:58,INFO,58,40.523055,-29.766063,9.183792,Day
2020-04-23 08:02:08,INFO,59,40.894139,-29.109672,9.758103,Day
2020-04-23 08:02:18,INFO,60,41.260958,-28.445438,10.332705,Day
2020-04-23 08:02:28,INFO,61,41.623415,-27.77326,10.907514,Day
2020-04-23 08:02:38,INFO,62,42.01695,-27.024581,11.53995,Day
2020-04-23 08:02:49,INFO,63,42.369893,-26.335425,12.114952,Day
2020-04-23 08:02:59,INFO,64,42.718138,-25.638049,12.689954,Day
2020-04-23 08:03:09,INFO,65,43.061573,-24.932374,13.264901,Day
2020-04-23 08:03:19,INFO,66,43.400084,-24.218326,13.839747,Day
2020-04-23 08:03:29,INFO,67,43.733561,-23.495834,14.41445,Day
2020-04-23 08:03:39,INFO,68,44.061882,-22.764834,14.989432,Day
2020-04-23 08:03:49,INFO,69,44.384929,-22.025272,15.564058,Day
2020-04-23 08:03:59,INFO,70,44.734054,-21.201805,16.19533,Day
2020-04-23 08:04:09,INFO,71,45.045647,-20.444109,16.768917,Day
2020-04-23 08:04:20,INFO,72,45.351595,-19.677722,17.342187,Day
2020-04-23 08:04:30,INFO,73,45.651775,-18.902619,17.915108,Day
2020-04-23 08:04:40,INFO,74,45.946068,-18.118786,18.487652,Day
2020-04-23 08:04:50,INFO,75,46.234346,-17.326218,19.059785,Day
2020-04-23 08:05:00,INFO,76,46.516484,-16.524919,19.63148,Day
2020-04-23 08:05:10,INFO,77,46.819598,-15.633424,20.259804,Day
2020-04-23 08:05:21,INFO,78,47.088437,-14.813854,20.830487,Day
2020-04-23 08:05:31,INFO,79,47.350747,-13.985638,21.400642,Day
2020-04-23 08:05:41,INFO,80,47.606401,-13.14883,21.970243,Day
2020-04-23 08:05:51,INFO,81,47.879787,-12.218494,22.596129,Day
2020-04-23 08:06:02,INFO,82,48.121056,-11.363867,23.164472,Day
2020-04-23 08:06:12,INFO,83,48.355284,-10.500892,23.732172,Day
2020-04-23 08:06:22,INFO,84,48.582347,-9.629677,24.299199,Day
2020-04-23 08:06:32,INFO,85,48.802118,-8.750343,24.865526,Day
2020-04-23 08:06:43,INFO,86,49.035304,-7.773862,25.487638,Day
2020-04-23 08:06:53,INFO,87,49.239377,-6.87794,26.052394,Day
2020-04-23 08:07:03,INFO,88,49.435786,-5.974373,26.616354,Day
2020-04-23 08:07:13,INFO,89,49.624425,-5.063344,27.179486,Day
2020-04-23 08:07:23,INFO,90,49.805176,-4.145053,27.741758,Day
2020-04-23 08:07:33,INFO,91,49.994758,-3.126802,28.359225,Day
2020-04-23 08:07:44,INFO,92,50.158587,-2.19398,28.919584,Day
2020-04-23 08:07:54,INFO,93,50.314199,-1.254613,29.478977,Day
2020-04-23 08:08:04,INFO,94,50.461492,-0.308966,30.037369,Day
2020-04-23 08:08:14,INFO,95,50.60037,0.642683,30.594722,Day
2020-04-23 08:08:24,INFO,96,50.730745,1.600041,31.151,Day
2020-04-23 08:08:35,INFO,97,50.864224,2.659362,31.761619,Day
2020-04-23 08:08:45,INFO,98,50.976454,3.627691,32.31551,Day
2020-04-23 08:08:55,INFO,99,51.079925,4.600733,32.868202,Day
2020-04-23 08:09:05,INFO,100,51.174561,5.578136,33.419651,Day
2020-04-23 08:09:15,INFO,101,51.260297,6.559542,33.969809,Day
2020-04-23 08:09:25,INFO,102,51.344253,7.643268,34.573444,Day
2020-04-23 08:09:36,INFO,103,51.411107,8.631858,35.120751,Day
2020-04-23 08:09:46,INFO,104,51.468894,9.623268,35.666623,Day
2020-04-23 08:09:56,INFO,105,51.517569,10.617097,36.211009,Day
2020-04-23 08:10:06,INFO,106,51.557099,11.612939,36.753863,Day
2020-04-23 08:10:16,INFO,107,51.587452,12.610384,37.295121,Day
2020-04-23 08:10:26,INFO,108,51.610217,13.708924,37.888603,Day
2020-04-23 08:10:37,INFO,109,51.621238,14.70837,38.426337,Day
2020-04-23 08:10:47,INFO,110,51.623038,15.708113,38.962295,Day
2020-04-23 08:10:57,INFO,111,51.61561,16.707732,39.496423,Day
2020-04-23 08:11:07,INFO,112,51.598965,17.706803,40.028651,Day
2020-04-23 08:11:17,INFO,113,51.573112,18.704903,40.558913,Day
2020-04-23 08:11:27,INFO,114,51.538073,19.701616,41.087136,Day
2020-04-23 08:11:37,INFO,115,51.488947,20.795899,41.665745,Day
2020-04-23 08:11:48,INFO,116,51.434702,21.78835,42.189454,Day
2020-04-23 08:11:58,INFO,117,51.371372,22.778145,42.710891,Day
2020-04-23 08:12:08,INFO,118,51.299,23.764887,43.229975,Day
2020-04-23 08:12:18,INFO,119,51.217635,24.748192,43.746624,Day
2020-04-23 08:12:28,INFO,120,51.12734,25.727683,44.260749,Day
2020-04-23 08:12:38,INFO,121,51.017774,26.800283,44.82326,Day
2020-04-23 08:12:48,INFO,122,50.908935,27.770586,45.331778,Day
2020-04-23 08:12:59,INFO,123,50.791377,28.735979,45.837478,Day
2020-04-23 08:13:09,INFO,124,50.665182,29.696133,46.340252,Day
2020-04-23 08:13:19,INFO,125,50.530433,30.650733,46.84,Day
2020-04-23 08:13:29,INFO,126,50.387221,31.599481,47.336602,Day
2020-04-23 08:13:39,INFO,127,50.235642,32.542088,47.829947,Day
2020-04-23 08:13:49,INFO,128,50.075788,33.478281,48.319914,Day
2020-04-23 08:13:59,INFO,129,49.890519,34.500385,48.854823,Day
2020-04-23 08:14:10,INFO,130,49.713631,35.422304,49.337281,Day
2020-04-23 08:14:20,INFO,131,49.528796,36.337067,49.815957,Day
2020-04-23 08:14:30,INFO,132,49.336126,37.244472,50.290707,Day
2020-04-23 08:14:40,INFO,133,49.135739,38.144318,50.761385,Day
2020-04-23 08:14:50,INFO,134,48.927743,39.036437,51.227839,Day
2020-04-23 08:15:00,INFO,135,48.690308,40.008649,51.735872,Day
2020-04-23 08:15:11,INFO,136,48.466735,40.88403,52.192932,Day
2020-04-23 08:15:21,INFO,137,48.23593,41.751232,52.645257,Day
2020-04-23 08:15:31,INFO,138,47.998014,42.610139,53.092669,Day
2020-04-23 08:15:41,INFO,139,47.753117,43.460651,53.534978,Day
2020-04-23 08:15:51,INFO,140,47.501357,44.302683,53.972001,Day
2020-04-23 08:16:02,INFO,141,47.21665,45.219035,54.446375,Day
2020-04-23 08:16:12,INFO,142,46.950898,46.043033,54.871626,Day
2020-04-23 08:16:22,INFO,143,46.678674,46.858366,55.290952,Day
2020-04-23 08:16:32,INFO,144,46.400108,47.665001,55.704123,Day
2020-04-23 08:16:42,INFO,145,46.115323,48.462914,56.110916,Day
2020-04-23 08:16:52,INFO,146,45.795028,49.330532,56.550736,Day
2020-04-23 08:17:03,INFO,147,45.497594,50.110106,56.943352,Day
2020-04-23 08:17:13,INFO,148,45.194327,50.880958,57.328831,Day
2020-04-23 08:17:23,INFO,149,44.88535,51.643105,57.706923,Day
2020-04-23 08:17:33,INFO,150,44.570789,52.396577,58.077351,Day
2020-04-23 08:17:43,INFO,151,44.21846,53.215425,58.475647,Day
2020-04-23 08:17:53,INFO,152,43.892558,53.95081,58.829089,Day
2020-04-23 08:18:04,INFO,153,43.56144,54.677662,59.174006,Day
2020-04-23 08:18:14,INFO,154,43.225224,55.396038,59.510106,Day
2020-04-23 08:18:24,INFO,155,42.884022,56.106005,59.837088,Day
2020-04-23 08:18:34,INFO,156,42.53795,56.807636,60.154651,Day
2020-04-23 08:18:44,INFO,157,42.187118,57.501006,60.462487,Day
2020-04-23 08:18:54,INFO,158,41.83164,58.186204,60.760291,Day
2020-04-23 08:19:04,INFO,159,41.471625,58.863308,61.047739,Day
2020-04-23 08:19:14,INFO,160,41.070491,59.598885,61.351621,Day
2020-04-23 08:19:25,INFO,161,40.701292,60.25931,61.616318,Day
2020-04-23 08:19:35,INFO,162,40.327875,60.911934,61.869704,Day
2020-04-23 08:19:45,INFO,163,39.95035,61.556861,62.111466,Day
2020-04-23 08:19:55,INFO,164,39.568812,62.194207,62.341288,Day
2020-04-23 08:20:05,INFO,165,39.183361,62.824073,62.558871,Day
2020-04-23 08:20:15,INFO,166,38.754958,63.50841,62.783727,Day
2020-04-23 08:20:25,INFO,167,38.361594,64.122922,62.974665,Day
2020-04-23 08:20:36,INFO,168,37.964609,64.730304,63.152482,Day
2020-04-23 08:20:46,INFO,169,37.564094,65.330657,63.316905,Day
2020-04-23 08:20:56,INFO,170,37.160133,65.924105,63.467696,Day
2020-04-23 08:21:06,INFO,171,36.752811,66.510763,63.60462,Day
2020-04-23 08:21:17,INFO,172,36.300984,67.148382,63.738957,Day
2020-04-23 08:21:27,INFO,173,35.886886,67.721162,63.846061,Day
2020-04-23 08:21:37,INFO,174,35.469688,68.287507,63.938685,Day
2020-04-23 08:21:47,INFO,175,35.049467,68.847549,64.016672,Day
2020-04-23 08:21:57,INFO,176,34.6263,69.401395,64.079885,Day
2020-04-23 08:22:07,INFO,177,34.15751,70.00362,64.132232,Day
2020-04-23 08:22:18,INFO,178,33.728406,70.544844,64.164102,Day
2020-04-23 08:22:28,INFO,179,33.296592,71.080242,64.180938,Day
2020-04-23 08:22:38,INFO,180,32.86213,71.609923,64.182734,Day
2020-04-23 08:22:48,INFO,181,32.425094,72.13401,64.169463,Day
2020-04-23 08:22:58,INFO,182,31.985554,72.652613,64.141152,Day
2020-04-23 08:23:08,INFO,183,31.543572,73.165847,64.097862,Day
2020-04-23 08:23:18,INFO,184,31.05465,73.724345,64.033023,Day
2020-04-23 08:23:29,INFO,185,30.607751,74.226671,63.958547,Day
2020-04-23 08:23:39,INFO,186,30.158608,74.723977,63.869393,Day
2020-04-23 08:23:49,INFO,187,29.707283,75.216372,63.765724,Day
2020-04-23 08:23:59,INFO,188,29.253833,75.703973,63.647698,Day
2020-04-23 08:24:09,INFO,189,28.798314,76.186874,63.515527,Day
2020-04-23 08:24:19,INFO,190,28.294923,76.712778,63.354041,Day
2020-04-23 08:24:29,INFO,191,27.835246,77.186171,63.192856,Day
2020-04-23 08:24:40,INFO,192,27.373672,77.655201,63.018228,Day
2020-04-23 08:24:50,INFO,193,26.910254,78.119968,62.830418,Day
2020-04-23 08:25:00,INFO,194,26.445044,78.580575,62.6297,Day
2020-04-23 08:25:10,INFO,195,25.978095,79.037125,62.416359,Day
2020-04-23 08:25:20,INFO,196,25.509452,79.489714,62.190689,Day
2020-04-23 08:25:30,INFO,197,25.039164,79.938444,61.952985,Day
2020-04-23 08:25:40,INFO,198,24.520007,80.427704,61.677974,Day
2020-04-23 08:25:51,INFO,199,24.04642,80.868641,61.416002,Day
2020-04-23 08:26:01,INFO,200,23.571335,81.306012,61.142959,Day
2020-04-23 08:26:11,INFO,201,23.094791,81.73992,60.859151,Day
2020-04-23 08:26:21,INFO,202,22.616836,82.170447,60.564899,Day
2020-04-23 08:26:31,INFO,203,22.137509,82.597689,60.260519,Day
2020-04-23 08:26:41,INFO,204,21.656855,83.021742,59.94631,Day
2020-04-23 08:26:51,INFO,205,21.126649,83.48461,59.589699,Day
2020-04-23 08:27:02,INFO,206,20.643337,83.902235,59.255859,Day
2020-04-23 08:27:12,INFO,207,20.15882,84.316937,58.913141,Day
2020-04-23 08:27:22,INFO,208,19.673137,84.728797,58.561837,Day
2020-04-23 08:27:32,INFO,209,19.186326,85.137905,58.202228,Day
2020-04-23 08:27:42,INFO,210,18.649574,85.584845,57.797402,Day
2020-04-23 08:27:53,INFO,211,18.160513,85.988441,57.421271,Day
2020-04-23 08:28:03,INFO,212,17.670435,86.389537,57.037687,Day
2020-04-23 08:28:13,INFO,213,17.179379,86.788215,56.646918,Day
2020-04-23 08:28:23,INFO,214,16.687375,87.184558,56.249207,Day
2020-04-23 08:28:33,INFO,215,16.194459,87.578639,55.844808,Day
2020-04-23 08:28:43,INFO,216,15.700665,87.970535,55.433959,Day
2020-04-23 08:28:54,INFO,217,15.156514,88.399184,54.974857,Day
2020-04-23 08:29:04,INFO,218,14.660981,88.786742,54.551201,Day
2020-04-23 08:29:14,INFO,219,14.164667,89.172354,54.121787,Day
2020-04-23 08:29:24,INFO,220,13.667606,89.556088,53.686824,Day
2020-04-23 08:29:34,INFO,221,13.169827,89.938019,53.246516,Day
2020-04-23 08:29:44,INFO,222,12.621479,90.356149,52.756224,Day
2020-04-23 08:29:54,INFO,223,12.122294,90.734535,52.305298,Day
2020-04-23 08:30:05,INFO,224,11.622484,91.111343,51.849598,Day
2020-04-23 08:30:15,INFO,225,11.122079,91.486634,51.389312,Day
2020-04-23 08:30:25,INFO,226,10.621108,91.860491,50.924589,Day
2020-04-23 08:30:36,INFO,227,10.119599,92.232983,50.455591,Day
2020-04-23 08:30:46,INFO,228,9.567351,92.641216,49.934956,Day
2020-04-23 08:30:56,INFO,229,9.064803,93.01105,49.457489,Day
2020-04-23 08:31:06,INFO,230,8.561803,93.379724,48.976216,Day
2020-04-23 08:31:16,INFO,231,8.05838,93.747304,48.491273,Day
2020-04-23 08:31:26,INFO,232,7.554558,94.11386,48.002788,Day
2020-04-23 08:31:36,INFO,233,6.999927,94.51596,47.461519,Day
2020-04-23 08:31:46,INFO,234,6.495358,94.880576,46.966006,Day
2020-04-23 08:31:57,INFO,235,5.990472,95.244365,46.467334,Day
2020-04-23 08:32:07,INFO,236,5.485297,95.607403,45.965606,Day
2020-04-23 08:32:17,INFO,237,4.979858,95.969745,45.46094,Day
2020-04-23 08:32:27,INFO,238,4.474182,96.331458,44.953436,Day
2020-04-23 08:32:37,INFO,239,3.968294,96.692604,44.443194,Day
2020-04-23 08:32:47,INFO,240,3.462218,97.053252,43.930308,Day
2020-04-23 08:32:57,INFO,241,2.90535,97.449458,43.363198,Day
2020-04-23 08:33:08,INFO,242,2.398964,97.809258,42.845063,Day
2020-04-23 08:33:18,INFO,243,1.89247,98.168752,42.324565,Day
2020-04-23 08:33:28,INFO,244,1.385892,98.528006,41.801779,Day
2020-04-23 08:33:38,INFO,245,0.879256,98.887076,41.276797,Day
2020-04-23 08:33:48,INFO,246,0.372586,99.24603,40.749684,Day
2020-04-23 08:33:58,INFO,247,-0.134093,99.604936,40.220511,Day
2020-04-23 08:34:08,INFO,248,-0.640755,99.963848,39.689355,Day
2020-04-23 08:34:18,INFO,249,-1.198035,100.358736,39.102877,Day
2020-04-23 08:34:29,INFO,250,-1.704583,100.717867,38.56778,Day
2020-04-23 08:34:39,INFO,251,-2.211036,101.07721,38.030893,Day
2020-04-23 08:34:49,INFO,252,-2.717372,101.436813,37.492295,Day
2020-04-23 08:34:59,INFO,253,-3.223563,101.79675,36.952027,Day
2020-04-23 08:35:09,INFO,254,-3.729586,102.157077,36.410161,Day
2020-04-23 08:35:19,INFO,255,-4.235415,102.517854,35.866751,Day
2020-04-23 08:35:29,INFO,256,-4.791573,102.915316,35.267269,Day
2020-04-23 08:35:40,INFO,257,-5.296912,103.277269,34.720761,Day
2020-04-23 08:35:50,INFO,258,-5.801979,103.639863,34.172878,Day
2020-04-23 08:36:00,INFO,259,-6.306747,104.003181,33.623642,Day
2020-04-23 08:36:10,INFO,260,-6.81119,104.367285,33.073104,Day
2020-04-23 08:36:20,INFO,261,-7.315283,104.732229,32.521324,Day
2020-04-23 08:36:30,INFO,262,-7.818999,105.098088,31.968328,Day
2020-04-23 08:36:40,INFO,263,-8.37262,105.50167,31.358683,Day
2020-04-23 08:36:51,INFO,264,-8.875459,105.86966,30.803282,Day
2020-04-23 08:37:01,INFO,265,-9.377837,106.238764,30.246799,Day
2020-04-23 08:37:11,INFO,266,-9.879729,106.609055,29.689272,Day
2020-04-23 08:37:21,INFO,267,-10.381106,106.980597,29.130733,Day
2020-04-23 08:37:31,INFO,268,-10.881942,107.353464,28.571216,Day
2020-04-23 08:37:42,INFO,269,-11.432202,107.765222,27.954668,Day
2020-04-23 08:37:52,INFO,270,-11.931807,108.141081,27.393225,Day
2020-04-23 08:38:02,INFO,271,-12.430781,108.518469,26.830921,Day
2020-04-23 08:38:12,INFO,272,-12.929097,108.897469,26.267774,Day
2020-04-23 08:38:22,INFO,273,-13.476447,109.316303,25.647393,Day
2020-04-23 08:38:33,INFO,274,-13.973281,109.698903,25.082599,Day
2020-04-23 08:38:43,INFO,275,-14.469363,110.083327,24.51707,Day
2020-04-23 08:38:53,INFO,276,-14.964663,110.469656,23.95083,Day
2020-04-23 08:39:03,INFO,277,-15.459146,110.857959,23.383911,Day
2020-04-23 08:39:13,INFO,278,-16.002102,111.287462,22.759551,Day
2020-04-23 08:39:24,INFO,279,-16.494772,111.680157,22.191302,Day
2020-04-23 08:39:34,INFO,280,-16.986527,112.075058,21.622465,Day
2020-04-23 08:39:44,INFO,281,-17.477336,112.472247,21.053064,Day
2020-04-23 08:39:54,INFO,282,-17.967163,112.871806,20.483126,Day
2020-04-23 08:40:04,INFO,283,-18.455972,113.273811,19.912682,Day
2020-04-23 08:40:14,INFO,284,-18.943731,113.678335,19.341766,Day
2020-04-23 08:40:24,INFO,285,-19.47901,114.126328,18.713238,Day
2020-04-23 08:40:35,INFO,286,-19.964445,114.536426,18.141408,Day
2020-04-23 08:40:45,INFO,287,-20.448716,114.949297,17.569195,Day
2020-04-23 08:40:55,INFO,288,-20.931784,115.365037,16.99662,Day
2020-04-23 08:41:05,INFO,289,-21.413613,115.783741,16.423707,Day
2020-04-23 08:41:15,INFO,290,-21.894161,116.205464,15.850516,Day
2020-04-23 08:41:25,INFO,291,-22.421238,116.672977,15.219454,Day
2020-04-23 08:41:36,INFO,292,-22.898969,117.101367,14.645107,Day
2020-04-23 08:41:46,INFO,293,-23.375293,117.533076,14.070889,Day
2020-04-23 08:41:56,INFO,294,-23.850169,117.968186,13.496666,Day
2020-04-23 08:42:06,INFO,295,-24.323552,118.406793,12.922325,Day
2020-04-23 08:42:16,INFO,296,-24.795397,118.848994,12.34791,Day
2020-04-23 08:42:26,INFO,297,-25.312599,119.339661,11.716037,Day
2020-04-23 08:42:37,INFO,298,-25.78107,119.789715,11.141631,Day
2020-04-23 08:42:47,INFO,299,-26.24786,120.243636,10.567343,Day
2020-04-23 08:42:57,INFO,300,-26.712921,120.701559,9.993215,Day
2020-04-23 08:43:07,INFO,301,-27.176206,121.163553,9.419353,Day
2020-04-23 08:43:17,INFO,302,-27.63766,121.629741,8.845835,Day
2020-04-23 08:43:27,INFO,303,-28.097236,122.100218,8.272781,Day
2020-04-23 08:43:37,INFO,304,-28.600534,122.622823,7.643119,Day
2020-04-23 08:43:48,INFO,305,-29.055987,123.102644,7.071519,Day
2020-04-23 08:43:58,INFO,306,-29.509392,123.587068,6.500914,Day
2020-04-23 08:44:08,INFO,307,-29.960697,124.076219,5.931549,Day
2020-04-23 08:44:18,INFO,308,-30.409836,124.570192,5.363757,Day
2020-04-23 08:44:28,INFO,309,-30.856752,125.069097,4.797951,Day
2020-04-23 08:44:38,INFO,310,-31.301391,125.573055,4.234681,Day
2020-04-23 08:44:48,INFO,311,-31.743687,126.082164,3.674608,Day
2020-04-23 08:44:58,INFO,312,-32.227428,126.648264,3.063349,Day
2020-04-23 08:45:09,INFO,313,-32.664594,127.16856,2.513375,Day
2020-04-23 08:45:19,INFO,314,-33.09922,127.694362,1.970558,Day
2020-04-23 08:45:29,INFO,315,-33.531229,128.225791,1.437092,Day
2020-04-23 08:45:39,INFO,316,-33.960561,128.762945,0.915829,Day
2020-04-23 08:45:49,INFO,317,-34.387141,129.305945,0.410264,Day
2020-04-23 08:45:58,INFO,318,-34.810896,129.854914,-0.075668,Night
2020-04-23 08:46:08,INFO,318,-35.231752,130.409963,-0.538271,Night
2020-04-23 08:46:17,INFO,318,-35.607982,130.914796,-0.932834,Night
2020-04-23 08:46:26,INFO,318,-35.981747,131.424738,-1.307654,Night
2020-04-23 08:46:36,INFO,318,-36.394082,131.997422,-1.70717,Night
2020-04-23 08:46:45,INFO,318,-36.762455,132.518429,-2.06521,Night
2020-04-23 08:46:54,INFO,318,-37.128181,133.04479,-2.453023,Night
2020-04-23 08:47:04,INFO,318,-37.531364,133.636039,-3.063024,Night
2020-04-23 08:47:13,INFO,318,-37.891297,134.174012,-4.360458,Night
2020-04-23 08:47:22,INFO,318,-38.248393,134.717613,-5.224559,Night
2020-04-23 08:47:32,INFO,318,-38.641754,135.328314,-5.952307,Night
2020-04-23 08:47:41,INFO,318,-38.992635,135.884073,-6.54281,Night
2020-04-23 08:47:50,INFO,318,-39.340472,136.445706,-7.105806,Night
2020-04-23 08:47:59,INFO,318,-39.685195,137.013308,-7.653712,Night
2020-04-23 08:48:09,INFO,318,-40.064483,137.651056,-8.250735,Night
2020-04-23 08:48:18,INFO,318,-40.402403,138.231499,-8.771898,Night
2020-04-23 08:48:27,INFO,318,-40.736986,138.818144,-9.292882,Night
2020-04-23 08:48:37,INFO,318,-41.104748,139.477326,-9.871523,Night
2020-04-23 08:48:46,INFO,318,-41.43205,140.077303,-10.392094,Night
2020-04-23 08:48:55,INFO,318,-41.755791,140.683688,-10.912438,Night
2020-04-23 08:49:05,INFO,318,-42.111221,141.365081,-11.490347,Night
2020-04-23 08:49:14,INFO,318,-42.427178,141.985235,-12.010198,Night
2020-04-23 08:49:23,INFO,318,-42.739325,142.612028,-12.529813,Night
2020-04-23 08:49:33,INFO,318,-43.081589,143.316288,-13.106847,Night
2020-04-23 08:49:42,INFO,318,-43.38543,143.95722,-13.625879,Night
2020-04-23 08:49:51,INFO,318,-43.685207,144.604954,-14.144634,Night
2020-04-23 08:50:01,INFO,318,-44.013428,145.33267,-14.720673,Night
2020-04-23 08:50:10,INFO,318,-44.304357,145.99487,-15.238775,Night
2020-04-23 08:50:19,INFO,318,-44.590962,146.663983,-15.756548,Night
2020-04-23 08:50:29,INFO,318,-44.904232,147.415577,-16.33144,Night
2020-04-23 08:50:38,INFO,318,-45.181418,148.099388,-16.84848,Night
2020-04-23 08:50:47,INFO,318,-45.454011,148.790193,-17.365148,Night
2020-04-23 08:50:57,INFO,318,-45.751394,149.56598,-17.938775,Night
2020-04-23 08:51:06,INFO,318,-46.013994,150.271579,-18.454608,Night
2020-04-23 08:51:15,INFO,318,-46.271718,150.984214,-18.970034,Night
2020-04-23 08:51:25,INFO,318,-46.552257,151.784261,-19.54223,Night
2020-04-23 08:51:34,INFO,318,-46.799398,152.51169,-20.056731,Night
2020-04-23 08:51:43,INFO,318,-47.041388,153.246099,-20.570771,Night
2020-04-23 08:51:53,INFO,318,-47.304111,154.070271,-21.141372,Night
2020-04-23 08:52:02,INFO,318,-47.53492,154.819324,-21.654391,Night
2020-04-23 08:52:11,INFO,318,-47.760296,155.575249,-22.166899,Night
2020-04-23 08:52:21,INFO,318,-48.004226,156.423148,-22.735728,Night
2020-04-23 08:52:30,INFO,318,-48.21783,157.193375,-23.247092,Night
2020-04-23 08:52:39,INFO,318,-48.425717,157.970282,-23.757896,Night
2020-04-23 08:52:48,INFO,318,-48.627798,158.753786,-24.26812,Night
2020-04-23 08:52:58,INFO,318,-48.845422,159.631971,-24.834329,Night
2020-04-23 08:53:07,INFO,318,-49.034963,160.429068,-25.343248,Night
2020-04-23 08:53:16,INFO,318,-49.218429,161.232462,-25.851537,Night
2020-04-23 08:53:26,INFO,318,-49.415053,162.132326,-26.415516,Night
2020-04-23 08:53:35,INFO,318,-49.585418,162.948561,-26.922377,Night
2020-04-23 08:53:44,INFO,318,-49.749448,163.770656,-27.428527,Night
2020-04-23 08:53:54,INFO,318,-49.924185,164.690792,-27.990055,Night
2020-04-23 08:54:03,INFO,318,-50.074586,165.524758,-28.494636,Night
2020-04-23 08:54:12,INFO,318,-50.218416,166.364092,-28.998439,Night
2020-04-23 08:54:22,INFO,318,-50.370422,167.302752,-29.557285,Night
2020-04-23 08:54:31,INFO,318,-50.500134,168.152782,-30.059365,Night
2020-04-23 08:54:40,INFO,318,-50.62305,169.007567,-30.560589,Night
2020-04-23 08:54:50,INFO,318,-50.751574,169.96266,-31.116477,Night
2020-04-23 08:54:59,INFO,318,-50.859931,170.826774,-31.615812,Night
2020-04-23 08:55:08,INFO,318,-50.961305,171.694946,-32.114204,Night
2020-04-23 08:55:18,INFO,318,-51.065677,172.664054,-32.666841,Night
2020-04-23 08:55:27,INFO,318,-51.152117,173.539998,-33.16316,Night
2020-04-23 08:55:36,INFO,318,-51.231408,174.419235,-33.658452,Night
2020-04-23 08:55:46,INFO,318,-51.311069,175.399681,-34.207524,Night
2020-04-23 08:55:55,INFO,318,-51.375119,176.284956,-34.700527,Night
2020-04-23 08:56:04,INFO,318,-51.431895,177.172676,-35.192406,Night
2020-04-23 08:56:14,INFO,318,-51.486403,178.161537,-35.737565,Night
2020-04-23 08:56:23,INFO,318,-51.527715,179.05345,-36.226934,Night
2020-04-23 08:56:32,INFO,318,-51.561658,179.946893,-36.71506,Night
2020-04-23 08:56:41,INFO,318,-51.588214,-179.158416,-37.201909,Night
2020-04-23 08:56:51,INFO,318,-51.609043,-178.163244,-37.741293,Night
2020-04-23 08:57:00,INFO,318,-51.619964,-177.266946,-38.225301,Night
2020-04-23 08:57:09,INFO,318,-51.623465,-176.370347,-38.707901,Night
2020-04-23 08:57:19,INFO,318,-51.618646,-175.374164,-39.242415,Night
2020-04-23 08:57:28,INFO,318,-51.606481,-174.477947,-39.721894,Night
2020-04-23 08:57:37,INFO,318,-51.586906,-173.582387,-40.199826,Night
2020-04-23 08:57:47,INFO,318,-51.556474,-172.588471,-40.728978,Night
2020-04-23 08:57:56,INFO,318,-51.521295,-171.695287,-41.203475,Night
2020-04-23 08:58:05,INFO,318,-51.478753,-170.803702,-41.67626,Night
2020-04-23 08:58:15,INFO,318,-51.422882,-169.815264,-42.199514,Night
2020-04-23 08:58:24,INFO,318,-51.364887,-168.927995,-42.66852,Night
2020-04-23 08:58:33,INFO,318,-51.299621,-168.043212,-43.135643,Night
2020-04-23 08:58:43,INFO,318,-51.218626,-167.063381,-43.652388,Night
2020-04-23 08:58:52,INFO,318,-51.138142,-166.184759,-44.115341,Night
2020-04-23 08:59:01,INFO,318,-51.050517,-165.30947,-44.576219,Night
2020-04-23 08:59:11,INFO,318,-50.944841,-164.341141,-45.085792,Night
2020-04-23 08:59:20,INFO,318,-50.842306,-163.47372,-45.542066,Night
2020-04-23 08:59:29,INFO,318,-50.732798,-162.610412,-45.996044,Night
2020-04-23 08:59:39,INFO,318,-50.60301,-161.656262,-46.497694,Night
2020-04-23 08:59:48,INFO,318,-50.478971,-160.802365,-46.946592,Night
2020-04-23 08:59:57,INFO,318,-50.348152,-159.953263,-47.392955,Night
2020-04-23 09:00:07,INFO,318,-50.19493,-159.015697,-47.885835,Night
2020-04-23 09:00:16,INFO,318,-50.050025,-158.177373,-48.326573,Night
2020-04-23 09:00:25,INFO,318,-49.898558,-157.344445,-48.764508,Night
2020-04-23 09:00:35,INFO,318,-49.722664,-156.425511,-49.247696,Night
2020-04-23 09:00:44,INFO,318,-49.557605,-155.604523,-49.679401,Night
2020-04-23 09:00:53,INFO,318,-49.386226,-154.789435,-50.108006,Night
2020-04-23 09:01:02,INFO,318,-49.208617,-153.980372,-50.5334,Night
2020-04-23 09:01:12,INFO,318,-49.00406,-153.088664,-51.00217,Night
2020-04-23 09:01:21,INFO,318,-48.813562,-152.292769,-51.420434,Night
2020-04-23 09:01:30,INFO,318,-48.617092,-151.503295,-51.835139,Night
2020-04-23 09:01:40,INFO,318,-48.391897,-150.63373,-52.291611,Night
2020-04-23 09:01:49,INFO,318,-48.183108,-149.858093,-52.698417,Night
2020-04-23 09:01:58,INFO,318,-47.968627,-149.089151,-53.101275,Night
2020-04-23 09:02:08,INFO,318,-47.723737,-148.242699,-53.544114,Night
2020-04-23 09:02:17,INFO,318,-47.497525,-147.488086,-53.938209,Night
2020-04-23 09:02:26,INFO,318,-47.265893,-146.740372,-54.327933,Night
2020-04-23 09:02:36,INFO,318,-47.002278,-145.917675,-54.755656,Night
2020-04-23 09:02:45,INFO,318,-46.759509,-145.184605,-55.13566,Night
2020-04-23 09:02:54,INFO,318,-46.511604,-144.458528,-55.510819,Night
2020-04-23 09:03:04,INFO,318,-46.230241,-143.659984,-55.921785,Night
2020-04-23 09:03:13,INFO,318,-45.971794,-142.948701,-56.286179,Night
2020-04-23 09:03:22,INFO,318,-45.708493,-142.244454,-56.645201,Night
2020-04-23 09:03:32,INFO,318,-45.410352,-141.47017,-57.037609,Night
2020-04-23 09:03:41,INFO,318,-45.137097,-140.780731,-57.384715,Night
2020-04-23 09:03:50,INFO,318,-44.859269,-140.098272,-57.725883,Night
2020-04-23 09:04:00,INFO,318,-44.545305,-139.348153,-58.097773,Night
2020-04-23 09:04:09,INFO,318,-44.258099,-138.680393,-58.425773,Night
2020-04-23 09:04:18,INFO,318,-43.966583,-138.019531,-58.747236,Night
2020-04-23 09:04:28,INFO,318,-43.637734,-137.293291,-59.096477,Night
2020-04-23 09:04:37,INFO,318,-43.33741,-136.646896,-59.403426,Night
2020-04-23 09:04:46,INFO,318,-43.03304,-136.007262,-59.703175,Night
2020-04-23 09:04:56,INFO,318,-42.690209,-135.304449,-60.027521,Night
2020-04-23 09:05:05,INFO,318,-42.377571,-134.678968,-60.311342,Night
2020-04-23 09:05:14,INFO,318,-42.061142,-134.060084,-60.587268,Night
2020-04-23 09:05:23,INFO,318,-41.741,-133.447758,-60.855087,Night
2020-04-23 09:05:33,INFO,318,-41.381029,-132.774984,-61.142863,Night
2020-04-23 09:05:42,INFO,318,-41.053303,-132.176264,-61.392793,Night
2020-04-23 09:05:51,INFO,318,-40.722104,-131.583895,-61.633899,Night
2020-04-23 09:06:01,INFO,318,-40.350121,-130.933046,-61.891158,Night
2020-04-23 09:06:10,INFO,318,-40.011832,-130.353805,-62.11288,Night
2020-04-23 09:06:19,INFO,318,-39.670299,-129.780698,-62.32506,Night
2020-04-23 09:06:29,INFO,318,-39.287091,-129.150968,-62.54937,Night
2020-04-23 09:06:38,INFO,318,-38.938932,-128.59051,-62.740704,Night
2020-04-23 09:06:47,INFO,318,-38.587745,-128.035912,-62.92182,Night
2020-04-23 09:06:57,INFO,318,-38.194059,-127.426468,-63.110832,Night
2020-04-23 09:07:06,INFO,318,-37.83669,-126.884001,-63.269716,Night
2020-04-23 09:07:15,INFO,318,-37.476497,-126.347134,-63.41776,Night
2020-04-23 09:07:25,INFO,318,-37.073041,-125.757101,-63.569322,Night
2020-04-23 09:07:34,INFO,318,-36.707083,-125.231819,-63.693911,Night
2020-04-23 09:07:43,INFO,318,-36.338492,-124.711891,-63.807122,Night
2020-04-23 09:07:53,INFO,318,-35.925931,-124.140368,-63.919396,Night
2020-04-23 09:08:02,INFO,318,-35.551975,-123.631465,-64.008127,Night
2020-04-23 09:08:11,INFO,318,-35.175566,-123.127643,-64.085063,Night
2020-04-23 09:08:21,INFO,318,-34.75453,-122.573714,-64.156588,Night
2020-04-23 09:08:30,INFO,318,-34.373128,-122.08037,-64.2083,Night
2020-04-23 09:08:39,INFO,318,-33.989446,-121.591834,-64.247935,Night
2020-04-23 09:08:49,INFO,318,-33.56052,-121.054585,-64.277756,Night
2020-04-23 09:08:58,INFO,318,-33.172193,-120.57598,-64.291751,Night
2020-04-23 09:09:07,INFO,318,-32.781746,-120.101923,-64.293547,Night
2020-04-23 09:09:17,INFO,318,-32.345491,-119.580466,-64.281246,Night
2020-04-23 09:09:26,INFO,318,-31.95073,-119.115781,-64.25732,Night
2020-04-23 09:09:35,INFO,318,-31.553999,-118.655399,-64.221243,Night
2020-04-23 09:09:45,INFO,318,-31.110931,-118.148817,-64.166984,Night
2020-04-23 09:09:54,INFO,318,-30.710194,-117.69726,-64.105458,Night
2020-04-23 09:10:03,INFO,318,-30.307629,-117.249759,-64.031999,Night
2020-04-23 09:10:13,INFO,318,-29.858247,-116.757193,-63.936506,Night
2020-04-23 09:10:22,INFO,318,-29.451964,-116.317999,-63.838213,Night
2020-04-23 09:10:31,INFO,318,-29.04399,-115.882601,-63.728336,Night
2020-04-23 09:10:40,INFO,318,-28.634361,-115.450933,-63.607031,Night
2020-04-23 09:10:50,INFO,318,-28.177327,-114.975593,-63.459049,Night
2020-04-23 09:10:59,INFO,318,-27.764338,-114.551561,-63.31416,Night
2020-04-23 09:11:08,INFO,318,-27.349819,-114.131013,-63.158363,Night
2020-04-23 09:11:18,INFO,318,-26.887492,-113.667755,-62.972705,Night
2020-04-23 09:11:27,INFO,318,-26.469864,-113.254345,-62.794519,Night
2020-04-23 09:11:36,INFO,318,-26.05082,-112.844192,-62.606047,Night
2020-04-23 09:11:46,INFO,318,-25.583599,-112.392218,-62.384824,Night
2020-04-23 09:11:55,INFO,318,-25.161683,-111.988724,-62.175328,Night
2020-04-23 09:12:04,INFO,318,-24.738459,-111.588277,-61.956222,Night
2020-04-23 09:12:14,INFO,318,-24.266718,-111.146821,-61.701764,Night
2020-04-23 09:12:23,INFO,318,-23.840844,-110.752569,-61.463096,Night
2020-04-23 09:12:32,INFO,318,-23.413764,-110.361145,-61.215516,Night
2020-04-23 09:12:42,INFO,318,-22.937857,-109.92947,-60.930253,Night
2020-04-23 09:12:51,INFO,318,-22.508339,-109.543797,-60.664606,Night
2020-04-23 09:13:00,INFO,318,-22.077711,-109.160746,-60.390764,Night
2020-04-23 09:13:10,INFO,318,-21.59797,-108.738128,-60.077142,Night
2020-04-23 09:13:19,INFO,318,-21.1651,-108.360398,-59.786729,Night
2020-04-23 09:13:28,INFO,318,-20.731212,-107.985093,-59.488803,Night
2020-04-23 09:13:38,INFO,318,-20.247956,-107.570849,-59.149247,Night
2020-04-23 09:13:47,INFO,318,-19.812014,-107.200454,-58.836199,Night
2020-04-23 09:13:56,INFO,318,-19.37514,-106.83228,-58.516314,Night
2020-04-23 09:14:06,INFO,318,-18.888666,-106.425747,-58.153125,Night
2020-04-23 09:14:15,INFO,318,-18.449915,-106.062087,-57.819491,Night
2020-04-23 09:14:24,INFO,318,-18.010316,-105.70047,-57.479655,Night
2020-04-23 09:14:34,INFO,318,-17.520907,-105.300992,-57.095013,Night
2020-04-23 09:14:43,INFO,318,-17.0796,-104.9435,-56.742715,Night
2020-04-23 09:14:52,INFO,318,-16.637521,-104.587866,-56.384796,Night
2020-04-23 09:15:02,INFO,318,-16.145449,-104.194836,-55.980743,Night
2020-04-23 09:15:11,INFO,318,-15.701825,-103.842952,-55.611554,Night
2020-04-23 09:15:20,INFO,318,-15.257502,-103.492754,-55.237287,Night
2020-04-23 09:15:30,INFO,318,-14.812508,-103.144196,-54.858116,Night
2020-04-23 09:15:39,INFO,318,-14.317308,-102.758755,-54.431243,Night
2020-04-23 09:15:48,INFO,318,-13.870968,-102.413468,-54.042219,Night
2020-04-23 09:15:57,INFO,318,-13.424026,-102.069643,-53.648762,Night
2020-04-23 09:16:07,INFO,318,-12.926744,-101.689277,-53.206569,Night
2020-04-23 09:16:16,INFO,318,-12.478602,-101.348375,-52.80422,Night
2020-04-23 09:16:25,INFO,318,-12.029926,-101.008785,-52.397885,Night
2020-04-23 09:16:35,INFO,318,-11.530795,-100.632927,-51.941864,Night
2020-04-23 09:16:44,INFO,318,-11.081059,-100.295918,-51.527507,Night
2020-04-23 09:16:53,INFO,318,-10.630853,-99.960051,-51.109537,Night
2020-04-23 09:17:03,INFO,318,-10.130099,-99.588154,-50.641048,Night
2020-04-23 09:17:12,INFO,318,-9.67897,-99.254547,-50.215848,Night
2020-04-23 09:17:21,INFO,318,-9.227434,-98.92193,-49.787397,Night
2020-04-23 09:17:31,INFO,318,-8.725274,-98.553462,-49.307651,Night
2020-04-23 09:17:40,INFO,318,-8.272945,-98.222772,-48.87266,Night
2020-04-23 09:17:49,INFO,318,-7.820272,-97.892928,-48.434743,Night
2020-04-23 09:17:59,INFO,318,-7.31692,-97.527363,-47.94483,Night
2020-04-23 09:18:08,INFO,318,-6.863581,-97.199131,-47.501008,Night
2020-04-23 09:18:17,INFO,318,-6.409957,-96.871589,-47.054526,Night
2020-04-23 09:18:27,INFO,318,-5.905619,-96.508415,-46.55543,Night
2020-04-23 09:18:36,INFO,318,-5.451455,-96.182177,-46.103616,Night
2020-04-23 09:18:45,INFO,318,-4.997065,-95.856487,-45.649402,Night
2020-04-23 09:18:55,INFO,318,-4.491943,-95.49519,-45.141994,Night
2020-04-23 09:19:04,INFO,318,-4.037135,-95.170497,-44.682951,Night
2020-04-23 09:19:13,INFO,318,-3.582158,-94.846206,-44.221735,Night
2020-04-23 09:19:22,INFO,318,-3.127031,-94.522264,-43.758406,Night
2020-04-23 09:19:32,INFO,318,-2.621179,-94.162695,-43.241214,Night
2020-04-23 09:19:41,INFO,318,-2.165793,-93.839347,-42.773643,Night
2020-04-23 09:19:50,INFO,318,-1.710314,-93.516218,-42.304173,Night
2020-04-23 09:20:00,INFO,318,-1.204138,-93.157374,-41.780363,Night
2020-04-23 09:20:09,INFO,318,-0.74852,-92.834538,-41.307048,Night
2020-04-23 09:20:18,INFO,318,-0.292864,-92.51177,-40.831994,Night
2020-04-23 09:20:28,INFO,318,0.213442,-92.153165,-40.302187,Night
2020-04-23 09:20:37,INFO,318,0.669117,-91.830391,-39.823643,Night
2020-04-23 09:20:46,INFO,318,1.124774,-91.507548,-39.343529,Night
2020-04-23 09:20:56,INFO,318,1.631015,-91.14869,-38.808271,Night
2020-04-23 09:21:05,INFO,318,2.086572,-90.82554,-38.32498,Night
2020-04-23 09:21:14,INFO,318,2.542054,-90.502172,-37.840255,Night
2020-04-23 09:21:24,INFO,318,3.048035,-90.142569,-37.300046,Night
2020-04-23 09:21:33,INFO,318,3.503299,-89.8186,-36.812438,Night
2020-04-23 09:21:42,INFO,318,3.95843,-89.494268,-36.323523,Night
2020-04-23 09:21:52,INFO,318,4.463954,-89.133422,-35.778802,Night
2020-04-23 09:22:01,INFO,318,4.918747,-88.808189,-35.287267,Night
2020-04-23 09:22:10,INFO,318,5.37335,-88.482444,-34.794534,Night
2020-04-23 09:22:20,INFO,318,5.878219,-88.119863,-34.245711,Night
2020-04-23 09:22:29,INFO,318,6.33236,-87.792909,-33.750598,Night
2020-04-23 09:22:38,INFO,318,6.786253,-87.465306,-33.254398,Night
2020-04-23 09:22:48,INFO,318,7.290266,-87.100478,-32.701832,Night
2020-04-23 09:22:57,INFO,318,7.743572,-86.771352,-32.203457,Night
2020-04-23 09:23:06,INFO,318,8.196573,-86.441419,-31.704089,Night
2020-04-23 09:23:16,INFO,318,8.699521,-86.073846,-31.148125,Night
2020-04-23 09:23:25,INFO,318,9.151808,-85.742076,-30.646775,Night
2020-04-23 09:23:34,INFO,318,9.603726,-85.409357,-30.144528,Night
2020-04-23 09:23:44,INFO,318,10.105401,-85.038505,-29.58546,Night
2020-04-23 09:23:53,INFO,318,10.556475,-84.703628,-29.081405,Night
2020-04-23 09:24:02,INFO,318,11.007118,-84.367644,-28.576528,Night
2020-04-23 09:24:11,INFO,318,11.457309,-84.030513,-28.070863,Night
2020-04-23 09:24:21,INFO,318,11.956965,-83.654511,-27.508114,Night
2020-04-23 09:24:30,INFO,318,12.406134,-83.314784,-27.000853,Night
2020-04-23 09:24:40,INFO,318,12.904601,-82.935763,-26.43638,Night
2020-04-23 09:24:49,INFO,318,13.352651,-82.593209,-25.927622,Night
2020-04-23 09:24:58,INFO,318,13.800139,-82.249227,-25.418182,Night
2020-04-23 09:25:07,INFO,318,14.24704,-81.903776,-24.90809,Night
2020-04-23 09:25:17,INFO,318,14.742883,-81.518151,-24.34058,Night
2020-04-23 09:25:26,INFO,318,15.188473,-81.169408,-23.829164,Night
2020-04-23 09:25:35,INFO,318,15.633408,-80.819026,-23.317156,Night
2020-04-23 09:25:45,INFO,318,16.126982,-80.427718,-22.74758,Night
2020-04-23 09:25:54,INFO,318,16.570454,-80.073689,-22.234375,Night
2020-04-23 09:26:03,INFO,318,17.013195,-79.717843,-21.72063,Night
2020-04-23 09:26:13,INFO,318,17.504243,-79.320264,-21.149194,Night
2020-04-23 09:26:22,INFO,318,17.945362,-78.960402,-20.634369,Night
2020-04-23 09:26:31,INFO,318,18.385674,-78.598545,-20.119056,Night
2020-04-23 09:26:41,INFO,318,18.87393,-78.194068,-19.545932,Night
2020-04-23 09:26:50,INFO,318,19.31245,-77.827806,-19.029641,Night
2020-04-23 09:26:59,INFO,318,19.750083,-77.459365,-18.512914,Night
2020-04-23 09:27:09,INFO,318,20.235265,-77.047362,-17.938279,Night
2020-04-23 09:27:18,INFO,318,20.670931,-76.674119,-17.420674,Night
2020-04-23 09:27:27,INFO,318,21.105621,-76.298513,-16.902683,Night
2020-04-23 09:27:37,INFO,318,21.587433,-75.878313,-16.326691,Night
2020-04-23 09:27:46,INFO,318,22.019972,-75.497489,-15.807913,Night
2020-04-23 09:27:55,INFO,318,22.451447,-75.114097,-15.288786,Night
2020-04-23 09:28:05,INFO,318,22.929575,-74.685011,-14.711584,Night
2020-04-23 09:28:14,INFO,318,23.358702,-74.295984,-14.191765,Night
2020-04-23 09:28:23,INFO,318,23.786667,-73.904177,-13.671635,Night
2020-04-23 09:28:33,INFO,318,24.260784,-73.465508,-13.093374,Night
2020-04-23 09:28:42,INFO,318,24.686192,-73.067622,-12.572636,Night
2020-04-23 09:28:51,INFO,318,25.11034,-72.666745,-12.051625,Night
2020-04-23 09:29:01,INFO,318,25.580095,-72.217742,-11.472426,Night
2020-04-23 09:29:10,INFO,318,26.001466,-71.810328,-10.950888,Night
2020-04-23 09:29:19,INFO,318,26.421468,-71.39971,-10.429122,Night
2020-04-23 09:29:28,INFO,318,26.840067,-70.985808,-9.90713,Night
2020-04-23 09:29:38,INFO,318,27.303481,-70.521976,-9.326895,Night
2020-04-23 09:29:47,INFO,318,27.718993,-70.100902,-8.804473,Night
2020-04-23 09:29:56,INFO,318,28.132981,-69.676324,-8.281873,Night
2020-04-23 09:30:06,INFO,318,28.591136,-69.200348,-7.684423,Night
2020-04-23 09:30:15,INFO,318,29.001782,-68.7681,-7.135604,Night
2020-04-23 09:30:24,INFO,318,29.410784,-68.332095,-6.572037,Night
2020-04-23 09:30:34,INFO,318,29.863254,-67.843156,-5.913508,Night
2020-04-23 09:30:43,INFO,318,30.268646,-67.398982,-5.256718,Night
2020-04-23 09:30:52,INFO,318,30.672259,-66.950805,-4.407279,Night
2020-04-23 09:31:02,INFO,318,31.118584,-66.448049,-3.007307,Night
2020-04-23 09:31:11,INFO,318,31.518301,-65.99117,-2.468444,Night
2020-04-23 09:31:20,INFO,318,31.916101,-65.530044,-2.077401,Night
2020-04-23 09:31:30,INFO,318,32.355795,-65.012596,-1.678392,Night
2020-04-23 09:31:39,INFO,318,32.749394,-64.542228,-1.317641,Night
2020-04-23 09:31:48,INFO,318,33.140925,-64.067345,-0.942208,Night
2020-04-23 09:31:58,INFO,318,33.573474,-63.534317,-0.501772,Night
2020-04-23 09:32:07,INFO,318,33.960476,-63.049647,-0.083489,Night
2020-04-23 09:32:17,INFO,318,34.345251,-62.560202,0.353865,Day
2020-04-23 09:32:27,INFO,319,34.770106,-62.01068,0.858886,Day
2020-04-23 09:32:37,INFO,320,35.234105,-61.399145,1.432994,Day
2020-04-23 09:32:48,INFO,321,35.652802,-60.836652,1.967943,Day
2020-04-23 09:32:58,INFO,322,36.068453,-60.2678,2.512322,Day
2020-04-23 09:33:08,INFO,323,36.480969,-59.692472,3.063906,Day
2020-04-23 09:33:19,INFO,324,36.931028,-59.051985,3.676987,Day
2020-04-23 09:33:29,INFO,325,37.336703,-58.462676,4.238731,Day
2020-04-23 09:33:39,INFO,326,37.738988,-57.866531,4.803684,Day
2020-04-23 09:33:50,INFO,327,38.177482,-57.202725,5.428069,Day
2020-04-23 09:34:00,INFO,328,38.611654,-56.530354,6.054809,Day
2020-04-23 09:34:11,INFO,329,39.002498,-55.911546,6.626168,Day
2020-04-23 09:34:21,INFO,330,39.389575,-55.285423,7.198721,Day
2020-04-23 09:34:31,INFO,331,39.772786,-54.651868,7.772229,Day
2020-04-23 09:34:41,INFO,332,40.152039,-54.01078,8.346487,Day
2020-04-23 09:34:51,INFO,333,40.527231,-53.362048,8.921336,Day
2020-04-23 09:35:02,INFO,334,40.935137,-52.639493,9.554195,Day
2020-04-23 09:35:12,INFO,335,41.301478,-51.974383,10.129872,Day
2020-04-23 09:35:22,INFO,336,41.66344,-51.301315,10.705794,Day
2020-04-23 09:35:32,INFO,337,42.020922,-50.620205,11.281873,Day
2020-04-23 09:35:42,INFO,338,42.408846,-49.861583,11.915665,Day
2020-04-23 09:35:53,INFO,339,42.756564,-49.163288,12.491869,Day
2020-04-23 09:36:03,INFO,340,43.099457,-48.456688,13.068039,Day
2020-04-23 09:36:13,INFO,341,43.437414,-47.741704,13.644132,Day
2020-04-23 09:36:23,INFO,342,43.770321,-47.018268,14.220103,Day
2020-04-23 09:36:33,INFO,343,44.098061,-46.286321,14.796206,Day
2020-04-23 09:36:43,INFO,344,44.420518,-45.545805,15.372247,Day
2020-04-23 09:36:53,INFO,345,44.737568,-44.79667,15.947575,Day
2020-04-23 09:37:03,INFO,346,45.079942,-43.962622,16.580011,Day
2020-04-23 09:37:13,INFO,347,45.385255,-43.195267,17.154643,Day
2020-04-23 09:37:24,INFO,348,45.684789,-42.419194,17.728948,Day
2020-04-23 09:37:34,INFO,349,45.978419,-41.634391,18.302889,Day
2020-04-23 09:37:44,INFO,350,46.266018,-40.84085,18.87644,Day
2020-04-23 09:37:54,INFO,351,46.547466,-40.038583,19.44957,Day
2020-04-23 09:38:04,INFO,352,46.822637,-39.2276,20.022254,Day
2020-04-23 09:38:14,INFO,353,47.091405,-38.407936,20.594458,Day
2020-04-23 09:38:24,INFO,354,47.379499,-37.496321,21.2233,Day
2020-04-23 09:38:35,INFO,355,47.634405,-36.658561,21.794415,Day
2020-04-23 09:38:45,INFO,356,47.882519,-35.812283,22.364963,Day
2020-04-23 09:38:55,INFO,357,48.123713,-34.957564,22.934921,Day
2020-04-23 09:39:05,INFO,358,48.357859,-34.094498,23.50426,Day
2020-04-23 09:39:15,INFO,359,48.58484,-33.223191,24.072951,Day
2020-04-23 09:39:25,INFO,360,48.826092,-32.255384,24.697727,Day
2020-04-23 09:39:36,INFO,361,49.037623,-31.36719,25.26496,Day
2020-04-23 09:39:46,INFO,362,49.24161,-30.471181,25.831456,Day
2020-04-23 09:39:56,INFO,363,49.437937,-29.56753,26.397182,Day
2020-04-23 09:40:06,INFO,364,49.626485,-28.656421,26.962107,Day
2020-04-23 09:40:16,INFO,365,49.807146,-27.738052,27.526197,Day
2020-04-23 09:40:26,INFO,366,49.99663,-26.719717,28.145698,Day
2020-04-23 09:40:36,INFO,367,50.16037,-25.786821,28.707937,Day
2020-04-23 09:40:47,INFO,368,50.31589,-24.847383,29.269239,Day
2020-04-23 09:40:57,INFO,369,50.46309,-23.90167,29.829571,Day
2020-04-23 09:41:07,INFO,370,50.601873,-22.949955,30.388898,Day
2020-04-23 09:41:17,INFO,371,50.732149,-21.992536,30.947181,Day
2020-04-23 09:41:27,INFO,372,50.853832,-21.029719,31.504381,Day
2020-04-23 09:41:37,INFO,373,50.966837,-20.061825,32.060464,Day
2020-04-23 09:41:47,INFO,374,51.081028,-18.991679,32.67081,Day
2020-04-23 09:41:58,INFO,375,51.175565,-18.014229,33.224403,Day
2020-04-23 09:42:08,INFO,376,51.261202,-17.032783,33.776747,Day
2020-04-23 09:42:18,INFO,377,51.337877,-16.047709,34.327797,Day
2020-04-23 09:42:28,INFO,378,51.405534,-15.059389,34.877507,Day
2020-04-23 09:42:38,INFO,379,51.464126,-14.068214,35.425828,Day
2020-04-23 09:42:48,INFO,380,51.513615,-13.074585,35.972711,Day
2020-04-23 09:42:58,INFO,381,51.557488,-11.97924,36.572562,Day
2020-04-23 09:43:09,INFO,382,51.587739,-10.981781,37.116259,Day
2020-04-23 09:43:19,INFO,383,51.608793,-9.983144,37.658357,Day
2020-04-23 09:43:29,INFO,384,51.620633,-8.983746,38.198796,Day
2020-04-23 09:43:39,INFO,385,51.623249,-7.984013,38.737517,Day
2020-04-23 09:43:49,INFO,386,51.616645,-6.984367,39.274462,Day
2020-04-23 09:43:59,INFO,387,51.600816,-5.985231,39.80957,Day
2020-04-23 09:44:09,INFO,388,51.572774,-4.887276,40.395979,Day
2020-04-23 09:44:20,INFO,389,51.53763,-3.890583,40.927002,Day
2020-04-23 09:44:30,INFO,390,51.493325,-2.895699,41.455973,Day
2020-04-23 09:44:40,INFO,391,51.439893,-1.903032,41.98282,Day
2020-04-23 09:44:50,INFO,392,51.377366,-0.912987,42.507464,Day
2020-04-23 09:45:00,INFO,393,51.305796,0.074042,43.02983,Day
2020-04-23 09:45:10,INFO,394,51.22523,1.057667,43.549829,Day
2020-04-23 09:45:20,INFO,395,51.126285,2.135274,44.118996,Day
2020-04-23 09:45:31,INFO,396,51.027022,3.110535,44.633749,Day
2020-04-23 09:45:41,INFO,397,50.918961,4.081258,45.145863,Day
2020-04-23 09:45:51,INFO,398,50.802175,5.0471,45.655242,Day
2020-04-23 09:46:01,INFO,399,50.676746,6.007732,46.161779,Day
2020-04-23 09:46:11,INFO,400,50.542754,6.962837,46.665376,Day
2020-04-23 09:46:21,INFO,401,50.385582,8.006711,47.215807,Day
2020-04-23 09:46:32,INFO,402,50.233907,8.949246,47.712867,Day
2020-04-23 09:46:42,INFO,403,50.073964,9.885368,48.206635,Day
2020-04-23 09:46:52,INFO,404,49.905853,10.814819,48.696985,Day
2020-04-23 09:47:02,INFO,405,49.729675,11.737361,49.183789,Day
2020-04-23 09:47:12,INFO,406,49.545543,12.652768,49.666919,Day
2020-04-23 09:47:23,INFO,407,49.333941,13.651227,50.193954,Day
2020-04-23 09:47:33,INFO,408,49.133468,14.550989,50.668905,Day
2020-04-23 09:47:43,INFO,409,48.92539,15.443022,51.139733,Day
2020-04-23 09:47:53,INFO,410,48.709829,16.327159,51.606283,Day
2020-04-23 09:48:03,INFO,411,48.486902,17.203261,52.068393,Day
2020-04-23 09:48:13,INFO,412,48.256734,18.071193,52.52589,Day
2020-04-23 09:48:23,INFO,413,47.995333,19.016345,53.023602,Day
2020-04-23 09:48:34,INFO,414,47.750358,19.866763,53.470839,Day
2020-04-23 09:48:44,INFO,415,47.498522,20.708698,53.912906,Day
2020-04-23 09:48:54,INFO,416,47.239958,21.542079,54.349598,Day
2020-04-23 09:49:04,INFO,417,46.974787,22.366846,54.780719,Day
2020-04-23 09:49:14,INFO,418,46.703133,23.18295,55.206052,Day
2020-04-23 09:49:24,INFO,419,46.425124,23.990358,55.625385,Day
2020-04-23 09:49:35,INFO,420,46.112127,24.868435,56.079442,Day
2020-04-23 09:49:45,INFO,421,45.821181,25.657519,56.485422,Day
2020-04-23 09:49:55,INFO,422,45.524273,26.437868,56.884667,Day
2020-04-23 09:50:05,INFO,423,45.221518,27.209493,57.276938,Day
2020-04-23 09:50:15,INFO,424,44.913046,27.972411,57.661973,Day
2020-04-23 09:50:26,INFO,425,44.567264,28.801603,58.076832,Day
2020-04-23 09:50:36,INFO,426,44.247178,29.54634,58.445799,Day
2020-04-23 09:50:46,INFO,427,43.921747,30.282487,58.806686,Day
2020-04-23 09:50:56,INFO,428,43.591087,31.010097,59.159212,Day
2020-04-23 09:51:06,INFO,429,43.255318,31.72922,59.503071,Day
2020-04-23 09:51:16,INFO,430,42.914553,32.439932,59.837976,Day
2020-04-23 09:51:26,INFO,431,42.534084,33.212082,60.195659,Day
2020-04-23 09:51:36,INFO,432,42.183201,33.905363,60.51075,Day
2020-04-23 09:51:47,INFO,433,41.827672,34.590465,60.815929,Day
2020-04-23 09:51:57,INFO,434,41.467608,35.26748,61.11087,Day
2020-04-23 09:52:07,INFO,435,41.103112,35.936497,61.395266,Day
2020-04-23 09:52:17,INFO,436,40.734289,36.597615,61.668788,Day
2020-04-23 09:52:27,INFO,437,40.361244,37.250926,61.931115,Day
2020-04-23 09:52:37,INFO,438,39.946143,37.960679,62.206365,Day
2020-04-23 09:52:47,INFO,439,39.564561,38.597942,62.444158,Day
2020-04-23 09:52:58,INFO,440,39.179065,39.227723,62.669786,Day
2020-04-23 09:53:08,INFO,441,38.789754,39.850134,62.882929,Day
2020-04-23 09:53:18,INFO,442,38.396718,40.465285,63.083306,Day
2020-04-23 09:53:28,INFO,443,38.000055,41.073291,63.270617,Day
2020-04-23 09:53:38,INFO,444,37.599846,41.674266,63.444596,Day
2020-04-23 09:53:48,INFO,445,37.196189,42.268322,63.604969,Day
2020-04-23 09:53:58,INFO,446,36.748279,42.913935,63.765369,Day
2020-04-23 09:54:09,INFO,447,36.337651,43.493842,63.896379,Day
2020-04-23 09:54:19,INFO,448,35.923834,44.067199,64.013066,Day
2020-04-23 09:54:29,INFO,449,35.506909,44.634115,64.115232,Day
2020-04-23 09:54:39,INFO,450,35.086952,45.194709,64.202706,Day
2020-04-23 09:54:49,INFO,451,34.664047,45.749102,64.275331,Day
2020-04-23 09:54:59,INFO,452,34.195533,46.351914,64.33793,Day
2020-04-23 09:55:10,INFO,453,33.766676,46.893661,64.379014,Day
2020-04-23 09:55:20,INFO,454,33.335097,47.429571,64.404941,Day
2020-04-23 09:55:30,INFO,455,32.900871,47.959758,64.415671,Day
2020-04-23 09:55:40,INFO,456,32.46406,48.484337,64.411184,Day
2020-04-23 09:55:50,INFO,457,32.024742,49.003424,64.391485,Day
2020-04-23 09:56:00,INFO,458,31.582972,49.51713,64.356617,Day
2020-04-23 09:56:10,INFO,459,31.094283,50.076133,64.300808,Day
2020-04-23 09:56:21,INFO,460,30.647585,50.578913,64.234309,Day
2020-04-23 09:56:31,INFO,461,30.19864,51.07666,64.152921,Day
2020-04-23 09:56:41,INFO,462,29.747506,51.569489,64.056772,Day
2020-04-23 09:56:51,INFO,463,29.294244,52.057509,63.946027,Day
2020-04-23 09:57:01,INFO,464,28.838906,52.540824,63.820891,Day
2020-04-23 09:57:12,INFO,465,28.335709,53.067168,63.666843,Day
2020-04-23 09:57:22,INFO,466,27.876203,53.540955,63.512153,Day
2020-04-23 09:57:32,INFO,467,27.414796,54.01037,63.343755,Day
2020-04-23 09:57:42,INFO,468,26.951541,54.475509,63.161915,Day
2020-04-23 09:57:52,INFO,469,26.48649,54.936482,62.966906,Day
2020-04-23 09:58:02,INFO,470,25.972918,55.438859,62.737514,Day
2020-04-23 09:58:13,INFO,471,25.504258,55.891407,62.515786,Day
2020-04-23 09:58:23,INFO,472,25.033953,56.340093,62.28179,Day
2020-04-23 09:58:33,INFO,473,24.562052,56.785018,62.035856,Day
2020-04-23 09:58:43,INFO,474,24.088602,57.226276,61.778282,Day
2020-04-23 09:58:53,INFO,475,23.613646,57.663968,61.509385,Day
2020-04-23 09:59:03,INFO,476,23.089511,58.141412,61.20092,Day
2020-04-23 09:59:14,INFO,477,22.611541,58.571898,60.909312,Day
2020-04-23 09:59:24,INFO,478,22.1322,58.999106,60.607376,Day
2020-04-23 09:59:34,INFO,479,21.651531,59.423117,60.295435,Day
2020-04-23 09:59:44,INFO,480,21.169575,59.844027,59.973794,Day
2020-04-23 09:59:54,INFO,481,20.686372,60.261919,59.642769,Day
2020-04-23 10:00:04,INFO,482,20.153455,60.71821,59.268181,Day
2020-04-23 10:00:15,INFO,483,19.667759,61.130043,58.918455,Day
2020-04-23 10:00:25,INFO,484,19.180935,61.539123,58.560273,Day
2020-04-23 10:00:35,INFO,485,18.693021,61.945533,58.193936,Day
2020-04-23 10:00:45,INFO,486,18.204052,62.349355,57.819716,Day
2020-04-23 10:00:55,INFO,487,17.714065,62.750669,57.437895,Day
2020-04-23 10:01:05,INFO,488,17.223094,63.149566,57.048732,Day
2020-04-23 10:01:15,INFO,489,16.681929,63.585632,56.612501,Day
2020-04-23 10:01:26,INFO,490,16.189005,63.979687,56.208775,Day
2020-04-23 10:01:36,INFO,491,15.695199,64.371562,55.798493,Day
2020-04-23 10:01:46,INFO,492,15.20055,64.761327,55.381896,Day
2020-04-23 10:01:56,INFO,493,14.705087,65.149063,54.959209,Day
2020-04-23 10:02:06,INFO,494,14.208841,65.534839,54.530663,Day
2020-04-23 10:02:16,INFO,495,13.711846,65.918736,54.096461,Day
2020-04-23 10:02:26,INFO,496,13.21413,66.300831,53.656805,Day
2020-04-23 10:02:36,INFO,497,12.665847,66.719125,53.167138,Day
2020-04-23 10:02:47,INFO,498,12.166718,67.097654,52.716691,Day
2020-04-23 10:02:57,INFO,499,11.666964,67.474599,52.261391,Day
2020-04-23 10:03:07,INFO,500,11.166611,67.850027,51.801418,Day
2020-04-23 10:03:17,INFO,501,10.665688,68.224007,51.336948,Day
2020-04-23 10:03:27,INFO,502,10.164226,68.596614,50.868134,Day
2020-04-23 10:03:37,INFO,503,9.662251,68.96791,50.395144,Day
2020-04-23 10:03:47,INFO,504,9.109521,69.374908,49.870206,Day
2020-04-23 10:03:58,INFO,505,8.60656,69.743683,49.388927,Day
2020-04-23 10:04:08,INFO,506,8.103173,70.111359,48.903919,Day
